event_id,previous_event_id,contract_address,event_type,block_number
evt_00029,evt_00026,0xOmega,Glint,1036
evt_00061,evt_00039,0xBeta,Zync,1076
evt_00068,evt_00019,0xAlpha,Withdr-O,1085
evt_00073,evt_00072,0xOmega,Zync,1091
evt_00091,evt_00024,0xGamma,Depos-X,1113
evt_00096,evt_00014,0xBeta,Yank,1120
evt_00097,evt_00038,0xAlpha,Withdr-O,1121
evt_00117,evt_00095,0xBeta,Withdr-O,1146
evt_00173,evt_00054,0xOmega,Depos-X,1216
evt_00181,evt_00044,0xBeta,Glint,1226
evt_00187,evt_00038,0xOmega,Glint,1233
evt_00192,evt_00169,0xBeta,Withdr-O,1240
evt_00208,evt_00146,0xGamma,Zync,1260
evt_00232,evt_00110,0xOmega,Glint,1290
evt_00255,evt_00028,0xBeta,Depos-X,1318
evt_00264,evt_00115,0xOmega,Flux,1330
evt_00267,evt_00019,0xAlpha,Minty,1333
evt_00268,evt_00148,0xDelta,Minty,1335
evt_00270,evt_00131,0xAlpha,Zync,1337
evt_00272,evt_00048,0xDelta,Depos-X,1340
evt_00282,evt_4655777,0xAlpha,Yank,1352
evt_00286,evt_00001,0xDelta,Withdr-O,1357
evt_00294,evt_00275,0xDelta,Flux,1367
evt_00297,evt_00020,0xBeta,Flux,1371
evt_00309,evt_00210,0xDelta,Withdr-O,1386
evt_00322,evt_00126,0xOmega,Flux,1402
evt_00327,evt_00252,0xDelta,Flux,1408
evt_00348,evt_00234,0xDelta,Withdr-O,1435
evt_00360,evt_00210,0xOmega,Yank,1450
evt_00366,evt_00235,0xAlpha,Flux,1457
evt_00368,evt_00332,0xAlpha,Yank,1460
evt_00379,evt_00134,0xDelta,Zync,1473
evt_00381,evt_00104,0xGamma,Zync,1476
evt_00399,evt_00038,0xDelta,Yank,1498
evt_00400,evt_00160,0xAlpha,Withdr-O,1500
evt_00421,evt_00069,0xDelta,Flux,1526
evt_00435,evt_00041,0xAlpha,Minty,1543
evt_00449,evt_00353,0xDelta,Withdr-O,1561
evt_00458,evt_4595669,0xAlpha,Glint,1572
evt_00459,evt_00392,0xDelta,Yank,1573
evt_00474,evt_00295,0xDelta,Minty,1592
evt_00483,evt_00227,0xAlpha,Minty,1603
evt_00496,evt_00429,0xGamma,Depos-X,1620
evt_00503,evt_00293,0xDelta,Depos-X,1628
evt_00504,evt_00285,0xDelta,Minty,1630
evt_00514,evt_00301,0xBeta,Flux,1642
evt_00529,evt_00325,0xOmega,Depos-X,1661
evt_00537,evt_00072,0xAlpha,Minty,1671
evt_00538,evt_00121,0xDelta,Depos-X,1672
evt_00551,evt_00078,0xBeta,Yank,1688
evt_00562,evt_00121,0xGamma,Flux,1702
evt_00586,evt_2151205,0xDelta,Depos-X,1732
evt_00588,evt_00109,0xOmega,Depos-X,1735
evt_00592,evt_00254,0xOmega,Yank,1740
evt_00608,evt_00263,0xGamma,Depos-X,1760
evt_00629,evt_00008,0xGamma,Minty,1786
evt_00648,evt_00072,0xGamma,Withdr-O,1810
evt_00651,evt_00394,0xOmega,Zync,1813
evt_00657,evt_5772818,0xDelta,Depos-X,1821
evt_00660,evt_00596,0xGamma,Depos-X,1825
evt_00663,evt_00426,0xAlpha,Glint,1828
evt_00667,evt_00585,0xDelta,Yank,1833
evt_00670,evt_00589,0xBeta,Zync,1837
evt_00682,evt_00513,0xGamma,Yank,1852
evt_00701,evt_00461,0xOmega,Glint,1876
evt_00711,evt_6007018,0xGamma,Minty,1888
evt_00716,evt_00644,0xBeta,Zync,1895
evt_00729,evt_00206,0xGamma,Withdr-O,1911
evt_00735,evt_00526,0xGamma,Zync,1918
evt_00740,evt_00715,0xDelta,Glint,1925
evt_00749,evt_00062,0xOmega,Minty,1936
evt_00791,evt_7445196,0xGamma,Glint,1988
evt_00800,evt_00218,0xOmega,Flux,2000
evt_00809,evt_00550,0xDelta,Withdr-O,2011
evt_00815,evt_00469,0xAlpha,Withdr-O,2018
evt_00839,evt_00170,0xGamma,Yank,2048
evt_00840,evt_6312100,0xBeta,Zync,2050
evt_00854,evt_00581,0xGamma,Flux,2067
evt_00861,evt_00654,0xDelta,Yank,2076
evt_00869,evt_00775,0xDelta,Minty,2086
evt_00870,evt_00259,0xOmega,Glint,2087
evt_00936,evt_00469,0xDelta,Withdr-O,2170
evt_00941,evt_00045,0xOmega,Yank,2176
evt_00962,evt_00515,0xGamma,Withdr-O,2202
evt_00964,evt_00829,0xOmega,Depos-X,2205
evt_00968,evt_4157826,0xAlpha,Zync,2210
evt_00980,evt_00505,0xOmega,Zync,2225
evt_00985,evt_00645,0xAlpha,Withdr-O,2231
evt_00994,evt_00540,0xGamma,Flux,2242
evt_01004,evt_00848,0xGamma,Glint,2255
evt_01007,evt_00728,0xDelta,Depos-X,2258
evt_01022,evt_00786,0xOmega,Minty,2277
evt_01026,evt_00134,0xGamma,Minty,2282
evt_01032,evt_00143,0xGamma,Withdr-O,2290
evt_01050,evt_00697,0xGamma,Yank,2312
evt_01052,evt_00133,0xAlpha,Minty,2315
evt_01067,evt_00737,0xOmega,Minty,2333
evt_01100,evt_00939,0xGamma,Withdr-O,2375
evt_01109,evt_2924056,0xDelta,Flux,2386
evt_01115,evt_1244275,0xBeta,Zync,2393
evt_01117,evt_00730,0xDelta,Withdr-O,2396
evt_01122,evt_00254,0xAlpha,Flux,2402
evt_01135,evt_00145,0xDelta,Depos-X,2418
evt_01139,evt_00330,0xBeta,Flux,2423
evt_01190,evt_00440,0xBeta,Minty,2487
evt_01225,evt_00299,0xDelta,Zync,2531
evt_01229,evt_00206,0xAlpha,Minty,2536
evt_01235,evt_01031,0xAlpha,Flux,2543
evt_01239,evt_00549,0xOmega,Flux,2548
evt_01240,evt_00568,0xBeta,Withdr-O,2550
evt_01243,evt_00361,0xAlpha,Flux,2553
evt_01250,evt_00225,0xAlpha,Zync,2562
evt_01253,evt_01113,0xBeta,Depos-X,2566
evt_01260,evt_00979,0xBeta,Zync,2575
evt_01289,evt_00744,0xBeta,Yank,2611
evt_01292,evt_00642,0xBeta,Withdr-O,2615
evt_01300,evt_00171,0xAlpha,Glint,2625
evt_01327,evt_00251,0xOmega,Flux,2658
evt_01341,evt_00658,0xAlpha,Yank,2676
evt_01348,evt_01011,0xGamma,Glint,2685
evt_01368,evt_00549,0xDelta,Depos-X,2710
evt_01376,evt_01310,0xOmega,Flux,2720
evt_01379,evt_00565,0xGamma,Yank,2723
evt_01401,evt_00044,0xDelta,Withdr-O,2751
evt_01406,evt_00799,0xOmega,Withdr-O,2757
evt_01410,evt_00325,0xDelta,Glint,2762
evt_01415,evt_01082,0xGamma,Flux,2768
evt_01425,evt_01249,0xBeta,Minty,2781
evt_01433,evt_00500,0xAlpha,Yank,2791
evt_01503,evt_01501,0xBeta,Yank,2878
evt_01506,evt_01500,0xAlpha,Yank,2882
evt_01518,evt_9723129,0xAlpha,Flux,2897
evt_01524,evt_00638,0xBeta,Zync,2905
evt_01525,evt_01217,0xDelta,Withdr-O,2906
evt_01531,evt_00300,0xBeta,Glint,2913
evt_01549,evt_00041,0xBeta,Minty,2936
evt_01564,evt_01539,0xOmega,Yank,2955
evt_01586,evt_01482,0xAlpha,Minty,2982
evt_01591,evt_00848,0xGamma,Zync,2988
evt_01592,evt_6446032,0xGamma,Withdr-O,2990
evt_01603,evt_00856,0xBeta,Depos-X,3003
evt_01605,evt_00966,0xGamma,Minty,3006
evt_01627,evt_00674,0xGamma,Zync,3033
evt_01634,evt_8210103,0xOmega,Zync,3042
evt_01638,evt_00963,0xDelta,Zync,3047
evt_01643,evt_00621,0xDelta,Withdr-O,3053
evt_01644,evt_01561,0xGamma,Yank,3055
evt_01649,evt_00768,0xDelta,Depos-X,3061
evt_01672,evt_00860,0xAlpha,Withdr-O,3090
evt_01687,evt_01508,0xGamma,Zync,3108
evt_01692,evt_00873,0xGamma,Flux,3115
evt_01700,evt_01216,0xOmega,Yank,3125
evt_01727,evt_00448,0xAlpha,Yank,3158
evt_01773,evt_7510631,0xDelta,Depos-X,3216
evt_01780,evt_00212,0xBeta,Flux,3225
evt_01786,evt_01108,0xGamma,Depos-X,3232
evt_01809,evt_00619,0xBeta,Minty,3261
evt_01813,evt_00315,0xAlpha,Glint,3266
evt_01820,evt_01548,0xAlpha,Zync,3275
evt_01828,evt_00789,0xDelta,Glint,3285
evt_01829,evt_01674,0xBeta,Glint,3286
evt_01830,evt_00554,0xBeta,Zync,3287
evt_01833,evt_01012,0xDelta,Yank,3291
evt_01862,evt_00793,0xOmega,Withdr-O,3327
evt_01868,evt_5600838,0xAlpha,Minty,3335
evt_01895,evt_01554,0xDelta,Yank,3368
evt_01907,evt_01437,0xDelta,Minty,3383
evt_01911,evt_01614,0xBeta,Yank,3388
evt_01912,evt_00654,0xOmega,Withdr-O,3390
evt_01914,evt_01044,0xOmega,Flux,3392
evt_01933,evt_01002,0xBeta,Depos-X,3416
evt_01934,evt_01641,0xAlpha,Yank,3417
evt_01957,evt_00557,0xBeta,Zync,3446
evt_01959,evt_00225,0xGamma,Glint,3448
evt_01976,evt_00856,0xAlpha,Minty,3470
evt_02013,evt_01825,0xGamma,Zync,3516
evt_02018,evt_00673,0xOmega,Zync,3522
evt_02025,evt_01412,0xBeta,Minty,3531
evt_02032,evt_00600,0xGamma,Minty,3540
evt_02067,evt_00947,0xAlpha,Withdr-O,3583
evt_02080,evt_00939,0xBeta,Zync,3600
evt_02088,evt_00557,0xOmega,Yank,3610
evt_02115,evt_01358,0xOmega,Withdr-O,3643
evt_02134,evt_00362,0xOmega,Minty,3667
evt_02155,evt_00298,0xDelta,Withdr-O,3693
evt_02158,evt_00120,0xGamma,Glint,3697
evt_02173,evt_01204,0xOmega,Zync,3716
evt_02189,evt_01355,0xAlpha,Glint,3736
evt_02192,evt_02078,0xAlpha,Flux,3740
evt_02206,evt_01515,0xBeta,Withdr-O,3757
evt_02224,evt_00025,0xDelta,Flux,3780
evt_02227,evt_00746,0xAlpha,Depos-X,3783
evt_02231,evt_02153,0xGamma,Zync,3788
evt_02236,evt_00133,0xDelta,Yank,3795
evt_02241,evt_00589,0xGamma,Depos-X,3801
evt_02251,evt_02191,0xGamma,Zync,3813
evt_02254,evt_01426,0xBeta,Glint,3817
evt_02255,evt_00804,0xGamma,Depos-X,3818
evt_02258,evt_00530,0xAlpha,Withdr-O,3822
evt_02260,evt_01557,0xBeta,Withdr-O,3825
evt_02272,evt_01169,0xBeta,Yank,3840
evt_02276,evt_02106,0xAlpha,Minty,3845
evt_02277,evt_01131,0xDelta,Flux,3846
evt_02278,evt_01500,0xAlpha,Withdr-O,3847
evt_02280,evt_00938,0xDelta,Depos-X,3850
evt_02283,evt_4338075,0xAlpha,Depos-X,3853
evt_02332,evt_01956,0xOmega,Flux,3915
evt_02336,evt_01233,0xDelta,Depos-X,3920
evt_02341,evt_01561,0xBeta,Zync,3926
evt_02342,evt_01421,0xGamma,Yank,3927
evt_02349,evt_01077,0xGamma,Glint,3936
evt_02362,evt_00425,0xBeta,Glint,3952
evt_02365,evt_02262,0xOmega,Depos-X,3956
evt_02401,evt_01853,0xOmega,Depos-X,4001
evt_02419,evt_01329,0xAlpha,Glint,4023
evt_02430,evt_00128,0xAlpha,Withdr-O,4037
evt_02431,evt_00384,0xGamma,Withdr-O,4038
evt_02439,evt_02200,0xBeta,Yank,4048
evt_02440,evt_01355,0xOmega,Zync,4050
evt_02443,evt_00557,0xAlpha,Minty,4053
evt_02445,evt_01734,0xBeta,Withdr-O,4056
evt_02467,evt_00167,0xAlpha,Flux,4083
evt_02482,evt_01005,0xGamma,Zync,4102
evt_02497,evt_01144,0xGamma,Withdr-O,4121
evt_02501,evt_5675094,0xDelta,Yank,4126
evt_02504,evt_01896,0xBeta,Glint,4130
evt_02531,evt_00613,0xDelta,Flux,4163
evt_02545,evt_00912,0xOmega,Minty,4181
evt_02557,evt_00540,0xDelta,Flux,4196
evt_02574,evt_00940,0xOmega,Depos-X,4217
evt_02579,evt_00539,0xDelta,Yank,4223
evt_02580,evt_00669,0xOmega,Minty,4225
evt_02588,evt_02103,0xAlpha,Minty,4235
evt_02593,evt_01184,0xDelta,Withdr-O,4241
evt_02603,evt_01681,0xAlpha,Yank,4253
evt_02630,evt_02493,0xOmega,Zync,4287
evt_02647,evt_02393,0xOmega,Withdr-O,4308
evt_02651,evt_02347,0xAlpha,Withdr-O,4313
evt_02653,evt_01517,0xBeta,Depos-X,4316
evt_02662,evt_00730,0xDelta,Withdr-O,4327
evt_02665,evt_00949,0xOmega,Zync,4331
evt_02666,evt_00893,0xAlpha,Glint,4332
evt_02667,evt_00374,0xBeta,Flux,4333
evt_02673,evt_01499,0xDelta,Yank,4341
evt_02675,evt_02339,0xDelta,Glint,4343
evt_02676,evt_02188,0xBeta,Withdr-O,4345
evt_02680,evt_01283,0xOmega,Glint,4350
evt_02687,evt_00069,0xOmega,Withdr-O,4358
evt_02703,evt_02394,0xAlpha,Depos-X,4378
evt_02704,evt_01290,0xOmega,Glint,4380
evt_02710,evt_01844,0xDelta,Glint,4387
evt_02714,evt_00725,0xDelta,Depos-X,4392
evt_02732,evt_01108,0xOmega,Depos-X,4415
evt_02738,evt_00695,0xBeta,Minty,4422
evt_02745,evt_00280,0xAlpha,Glint,4431
evt_02748,evt_02721,0xGamma,Withdr-O,4435
evt_02784,evt_00587,0xAlpha,Minty,4480
evt_02795,evt_00329,0xGamma,Withdr-O,4493
evt_02797,evt_01113,0xGamma,Depos-X,4496
evt_02801,evt_02019,0xAlpha,Glint,4501
evt_02808,evt_02069,0xDelta,Zync,4510
evt_02829,evt_6057118,0xGamma,Glint,4536
evt_02839,evt_01808,0xDelta,Depos-X,4548
evt_02842,evt_01811,0xBeta,Yank,4552
evt_02859,evt_00733,0xDelta,Minty,4573
evt_02865,evt_01816,0xAlpha,Zync,4581
evt_02880,evt_00789,0xBeta,Flux,4600
evt_02888,evt_00581,0xOmega,Zync,4610
evt_02903,evt_00691,0xGamma,Glint,4628
evt_02907,evt_8004579,0xBeta,Withdr-O,4633
evt_02908,evt_01403,0xDelta,Depos-X,4635
evt_02910,evt_02354,0xOmega,Zync,4637
evt_02914,evt_01449,0xBeta,Depos-X,4642
evt_02915,evt_01743,0xBeta,Depos-X,4643
evt_02923,evt_01373,0xDelta,Minty,4653
evt_02943,evt_02345,0xOmega,Yank,4678
evt_02976,evt_02825,0xDelta,Zync,4720
evt_03002,evt_00804,0xAlpha,Depos-X,4752
evt_03005,evt_6004139,0xDelta,Withdr-O,4756
evt_03027,evt_01926,0xBeta,Flux,4783
evt_03031,evt_01539,0xBeta,Depos-X,4788
evt_03034,evt_00977,0xAlpha,Glint,4792
evt_03049,evt_02973,0xBeta,Yank,4811
evt_03063,evt_01385,0xOmega,Zync,4828
evt_03068,evt_02495,0xAlpha,Depos-X,4835
evt_03069,evt_01164,0xAlpha,Zync,4836
evt_03083,evt_00535,0xBeta,Zync,4853
evt_03089,evt_01574,0xOmega,Flux,4861
evt_03102,evt_01096,0xDelta,Zync,4877
evt_03131,evt_3609773,0xDelta,Withdr-O,4913
evt_03136,evt_02414,0xOmega,Depos-X,4920
evt_03144,evt_01979,0xAlpha,Zync,4930
evt_03166,evt_01614,0xAlpha,Depos-X,4957
evt_03185,evt_02190,0xAlpha,Yank,4981
evt_03188,evt_02368,0xOmega,Flux,4985
evt_03191,evt_00392,0xGamma,Flux,4988
evt_03206,evt_01513,0xDelta,Depos-X,5007
evt_03225,evt_02457,0xDelta,Minty,5031
evt_03255,evt_01823,0xBeta,Depos-X,5068
evt_03264,evt_02213,0xDelta,Glint,5080
evt_03265,evt_01363,0xGamma,Withdr-O,5081
evt_03278,evt_02522,0xOmega,Minty,5097
evt_03281,evt_00516,0xAlpha,Withdr-O,5101
evt_03288,evt_03150,0xAlpha,Zync,5110
evt_03289,evt_00020,0xBeta,Withdr-O,5111
evt_03292,evt_02474,0xBeta,Zync,5115
evt_03300,evt_3686384,0xDelta,Zync,5125
evt_03312,evt_01823,0xBeta,Yank,5140
evt_03341,evt_02491,0xDelta,Depos-X,5176
evt_03385,evt_00101,0xDelta,Zync,5231
evt_03407,evt_02994,0xBeta,Glint,5258
evt_03430,evt_00929,0xBeta,Minty,5287
evt_03433,evt_02767,0xDelta,Zync,5291
evt_03458,evt_03313,0xAlpha,Zync,5322
evt_03464,evt_01537,0xAlpha,Minty,5330
evt_03470,evt_02862,0xAlpha,Minty,5337
evt_03490,evt_01150,0xOmega,Minty,5362
evt_03524,evt_01744,0xGamma,Depos-X,5405
evt_03536,evt_01042,0xAlpha,Yank,5420
evt_03555,evt_3181928,0xDelta,Yank,5443
evt_03560,evt_02656,0xOmega,Depos-X,5450
evt_03564,evt_02761,0xDelta,Withdr-O,5455
evt_03578,evt_2320054,0xAlpha,Flux,5472
evt_03580,evt_01303,0xGamma,Depos-X,5475
evt_03585,evt_00953,0xOmega,Withdr-O,5481
evt_03590,evt_03541,0xOmega,Depos-X,5487
evt_03598,evt_03250,0xOmega,Glint,5497
evt_03607,evt_01258,0xGamma,Minty,5508
evt_03611,evt_01256,0xOmega,Withdr-O,5513
evt_03648,evt_03064,0xDelta,Zync,5560
evt_03666,evt_03181,0xGamma,Yank,5582
evt_03671,evt_02385,0xDelta,Depos-X,5588
evt_03691,evt_01285,0xDelta,Withdr-O,5613
evt_03710,evt_00768,0xGamma,Glint,5637
evt_03713,evt_02711,0xBeta,Flux,5641
evt_03723,evt_03335,0xDelta,Glint,5653
evt_03724,evt_02288,0xAlpha,Minty,5655
evt_03748,evt_02786,0xOmega,Flux,5685
evt_03757,evt_03179,0xGamma,Zync,5696
evt_03762,evt_01395,0xOmega,Glint,5702
evt_03763,evt_01273,0xOmega,Glint,5703
evt_03771,evt_01749,0xDelta,Minty,5713
evt_03776,evt_02663,0xDelta,Yank,5720
evt_03785,evt_02314,0xGamma,Flux,5731
evt_03796,evt_03539,0xAlpha,Withdr-O,5745
evt_03801,evt_03080,0xDelta,Zync,5751
evt_03818,evt_00644,0xOmega,Withdr-O,5772
evt_03819,evt_00540,0xAlpha,Yank,5773
evt_03828,evt_03462,0xAlpha,Zync,5785
evt_03840,evt_01909,0xDelta,Zync,5800
evt_03854,evt_00878,0xDelta,Withdr-O,5817
evt_03855,evt_00915,0xAlpha,Zync,5818
evt_03858,evt_01546,0xBeta,Depos-X,5822
evt_03864,evt_02600,0xOmega,Depos-X,5830
evt_03868,evt_03422,0xGamma,Yank,5835
evt_03884,evt_00069,0xDelta,Glint,5855
evt_03894,evt_01173,0xOmega,Yank,5867
evt_03911,evt_03210,0xDelta,Zync,5888
evt_03918,evt_01682,0xOmega,Glint,5897
evt_03945,evt_03398,0xOmega,Minty,5931
evt_03947,evt_02905,0xOmega,Zync,5933
evt_03954,evt_00263,0xAlpha,Glint,5942
evt_03965,evt_02177,0xAlpha,Depos-X,5956
evt_03990,evt_03266,0xBeta,Glint,5987
evt_03999,evt_00171,0xGamma,Flux,5998
evt_04005,evt_02378,0xGamma,Yank,6006
evt_04008,evt_03038,0xDelta,Flux,6010
evt_04060,evt_02028,0xGamma,Depos-X,6075
evt_04110,evt_03744,0xAlpha,Flux,6137
evt_04119,evt_01220,0xGamma,Glint,6148
evt_04121,evt_02968,0xOmega,Glint,6151
evt_04130,evt_00950,0xBeta,Minty,6162
evt_04139,evt_00247,0xDelta,Glint,6173
evt_04147,evt_00239,0xBeta,Flux,6183
evt_04158,evt_00723,0xGamma,Flux,6197
evt_04196,evt_00991,0xDelta,Flux,6245
evt_04197,evt_00252,0xAlpha,Yank,6246
evt_04200,evt_01094,0xAlpha,Depos-X,6250
evt_04208,evt_02867,0xDelta,Minty,6260
evt_04214,evt_03343,0xGamma,Minty,6267
evt_04229,evt_01949,0xBeta,Withdr-O,6286
evt_04238,evt_04018,0xGamma,Depos-X,6297
evt_04254,evt_01354,0xDelta,Withdr-O,6317
evt_04256,evt_04132,0xAlpha,Glint,6320
evt_04283,evt_01154,0xGamma,Yank,6353
evt_04291,evt_03199,0xBeta,Yank,6363
evt_04299,evt_01208,0xDelta,Yank,6373
evt_04319,evt_04100,0xOmega,Withdr-O,6398
evt_04327,evt_1766854,0xOmega,Depos-X,6408
evt_04376,evt_02119,0xOmega,Yank,6470
evt_04397,evt_8169169,0xDelta,Minty,6496
evt_04411,evt_02926,0xBeta,Zync,6513
evt_04413,evt_02465,0xDelta,Glint,6516
evt_04419,evt_00336,0xOmega,Glint,6523
evt_04435,evt_02755,0xAlpha,Depos-X,6543
evt_04443,evt_01613,0xAlpha,Flux,6553
evt_04479,evt_00088,0xGamma,Flux,6598
evt_04482,evt_01437,0xDelta,Depos-X,6602
evt_04485,evt_00923,0xDelta,Depos-X,6606
evt_04489,evt_02618,0xAlpha,Zync,6611
evt_04494,evt_02990,0xAlpha,Minty,6617
evt_04502,evt_00566,0xBeta,Depos-X,6627
evt_04509,evt_01311,0xBeta,Flux,6636
evt_04515,evt_01060,0xOmega,Flux,6643
evt_04516,evt_9235215,0xOmega,Depos-X,6645
evt_04520,evt_01070,0xDelta,Depos-X,6650
evt_04523,evt_03847,0xBeta,Withdr-O,6653
evt_04525,evt_00916,0xOmega,Flux,6656
evt_04542,evt_00939,0xBeta,Withdr-O,6677
evt_04547,evt_01321,0xAlpha,Flux,6683
evt_04552,evt_04304,0xAlpha,Flux,6690
evt_04554,evt_02768,0xBeta,Minty,6692
evt_04570,evt_04371,0xBeta,Zync,6712
evt_04596,evt_04068,0xGamma,Glint,6745
evt_04602,evt_01686,0xDelta,Zync,6752
evt_04610,evt_02502,0xDelta,Yank,6762
evt_04625,evt_01496,0xGamma,Yank,6781
evt_04632,evt_02542,0xAlpha,Zync,6790
evt_04648,evt_01268,0xGamma,Glint,6810
evt_04650,evt_01670,0xDelta,Minty,6812
evt_04658,evt_04061,0xOmega,Withdr-O,6822
evt_04665,evt_00199,0xBeta,Minty,6831
evt_04679,evt_01005,0xOmega,Zync,6848
evt_04688,evt_02917,0xGamma,Yank,6860
evt_04693,evt_01234,0xOmega,Depos-X,6866
evt_04729,evt_00520,0xDelta,Zync,6911
evt_04745,evt_04456,0xAlpha,Glint,6931
evt_04747,evt_02619,0xOmega,Yank,6933
evt_04752,evt_00376,0xOmega,Flux,6940
evt_04754,evt_04396,0xOmega,Zync,6942
evt_04758,evt_02992,0xDelta,Withdr-O,6947
evt_04767,evt_03834,0xBeta,Yank,6958
evt_04772,evt_01137,0xOmega,Zync,6965
evt_04788,evt_01774,0xBeta,Minty,6985
evt_04796,evt_2175859,0xBeta,Zync,6995
evt_04799,evt_01558,0xGamma,Zync,6998
evt_04811,evt_04204,0xAlpha,Depos-X,7013
evt_04820,evt_01776,0xAlpha,Zync,7025
evt_04822,evt_02848,0xDelta,Depos-X,7027
evt_04828,evt_04366,0xOmega,Flux,7035
evt_04844,evt_00689,0xBeta,Withdr-O,7055
evt_04846,evt_00737,0xOmega,Flux,7057
evt_04848,evt_6281435,0xGamma,Minty,7060
evt_04867,evt_01849,0xBeta,Glint,7083
evt_04879,evt_8796669,0xAlpha,Withdr-O,7098
evt_04932,evt_00142,0xAlpha,Flux,7165
evt_04947,evt_03388,0xGamma,Zync,7183
evt_04954,evt_00954,0xOmega,Yank,7192
evt_04955,evt_03042,0xDelta,Yank,7193
evt_04972,evt_04116,0xAlpha,Zync,7215
evt_04979,evt_03725,0xAlpha,Yank,7223
evt_05000,evt_01648,0xAlpha,Depos-X,7250
evt_05022,evt_01822,0xGamma,Yank,7277
evt_05031,evt_00843,0xAlpha,Minty,7288
evt_05082,evt_01244,0xBeta,Glint,7352
evt_05090,evt_00080,0xAlpha,Flux,7362
evt_05106,evt_03758,0xOmega,Glint,7382
evt_05109,evt_00165,0xOmega,Depos-X,7386
evt_05110,evt_01323,0xGamma,Withdr-O,7387
evt_05114,evt_01309,0xBeta,Minty,7392
evt_05131,evt_02868,0xAlpha,Zync,7413
evt_05152,evt_7423587,0xDelta,Zync,7440
evt_05163,evt_04855,0xOmega,Minty,7453
evt_05172,evt_00003,0xBeta,Glint,7465
evt_05184,evt_04898,0xOmega,Depos-X,7480
evt_05223,evt_03584,0xAlpha,Flux,7528
evt_05226,evt_00738,0xGamma,Depos-X,7532
evt_05241,evt_04790,0xAlpha,Flux,7551
evt_05255,evt_02872,0xOmega,Minty,7568
evt_05288,evt_01894,0xAlpha,Flux,7610
evt_05291,evt_02586,0xOmega,Withdr-O,7613
evt_05297,evt_04560,0xOmega,Glint,7621
evt_05298,evt_00847,0xOmega,Flux,7622
evt_05324,evt_01479,0xOmega,Flux,7655
evt_05340,evt_6898403,0xGamma,Minty,7675
evt_05354,evt_02290,0xAlpha,Yank,7692
evt_05363,evt_02368,0xAlpha,Yank,7703
evt_05391,evt_01964,0xDelta,Glint,7738
evt_05410,evt_01194,0xDelta,Depos-X,7762
evt_05435,evt_05329,0xDelta,Zync,7793
evt_05441,evt_03717,0xBeta,Yank,7801
evt_05445,evt_01485,0xBeta,Minty,7806
evt_05454,evt_02183,0xBeta,Zync,7817
evt_05485,evt_00495,0xDelta,Yank,7856
evt_05488,evt_00176,0xOmega,Yank,7860
evt_05502,evt_04407,0xBeta,Yank,7877
evt_05509,evt_03834,0xAlpha,Glint,7886
evt_05562,evt_02239,0xDelta,Yank,7952
evt_05577,evt_03745,0xDelta,Glint,7971
evt_05589,evt_03103,0xAlpha,Withdr-O,7986
evt_05598,evt_05150,0xGamma,Zync,7997
evt_05603,evt_04441,0xDelta,Yank,8003
evt_05605,evt_04392,0xBeta,Yank,8006
evt_05613,evt_00371,0xDelta,Minty,8016
evt_05618,evt_04781,0xOmega,Depos-X,8022
evt_05620,evt_3611449,0xBeta,Zync,8025
evt_05631,evt_01338,0xDelta,Zync,8038
evt_05670,evt_03335,0xAlpha,Yank,8087
evt_05676,evt_04336,0xGamma,Minty,8095
evt_05685,evt_00412,0xGamma,Depos-X,8106
evt_05706,evt_01167,0xAlpha,Depos-X,8132
evt_05722,evt_2361914,0xGamma,Minty,8152
evt_05731,evt_03537,0xAlpha,Glint,8163
evt_05732,evt_02205,0xDelta,Zync,8165
evt_05734,evt_03172,0xDelta,Yank,8167
evt_05752,evt_03822,0xDelta,Flux,8190
evt_05755,evt_4866690,0xDelta,Flux,8193
evt_05765,evt_04995,0xDelta,Zync,8206
evt_05768,evt_4309779,0xGamma,Depos-X,8210
evt_05773,evt_02884,0xBeta,Depos-X,8216
evt_05782,evt_03141,0xGamma,Yank,8227
evt_05803,evt_00928,0xBeta,Zync,8253
evt_05814,evt_01535,0xGamma,Zync,8267
evt_05821,evt_03205,0xDelta,Yank,8276
evt_05838,evt_05412,0xBeta,Yank,8297
evt_05845,evt_02913,0xDelta,Flux,8306
evt_05850,evt_04396,0xOmega,Flux,8312
evt_05852,evt_4774541,0xDelta,Minty,8315
evt_05896,evt_01232,0xAlpha,Depos-X,8370
evt_05907,evt_02187,0xOmega,Glint,8383
evt_05920,evt_00054,0xOmega,Zync,8400
evt_05924,evt_4196694,0xGamma,Yank,8405
evt_05938,evt_00195,0xAlpha,Zync,8422
evt_05942,evt_02650,0xAlpha,Withdr-O,8427
evt_05963,evt_05695,0xGamma,Minty,8453
evt_05965,evt_05042,0xBeta,Zync,8456
evt_05984,evt_05181,0xAlpha,Withdr-O,8480
evt_06004,evt_03443,0xOmega,Flux,8505
evt_06006,evt_04659,0xOmega,Glint,8507
evt_06029,evt_03426,0xBeta,Depos-X,8536
evt_06044,evt_03175,0xGamma,Zync,8555
evt_06048,evt_01264,0xAlpha,Withdr-O,8560
evt_06061,evt_02146,0xDelta,Depos-X,8576
evt_06073,evt_05481,0xOmega,Minty,8591
evt_06083,evt_00434,0xGamma,Flux,8603
evt_06102,evt_04395,0xOmega,Flux,8627
evt_06129,evt_01980,0xOmega,Depos-X,8661
evt_06132,evt_04095,0xAlpha,Withdr-O,8665
evt_06157,evt_01183,0xBeta,Glint,8696
evt_06181,evt_8069428,0xBeta,Flux,8726
evt_06196,evt_05138,0xDelta,Flux,8745
evt_06204,evt_05611,0xAlpha,Minty,8755
evt_06209,evt_01000,0xOmega,Zync,8761
evt_06225,evt_03758,0xOmega,Depos-X,8781
evt_06236,evt_01530,0xOmega,Minty,8795
evt_06243,evt_1681902,0xDelta,Depos-X,8803
evt_06245,evt_00293,0xAlpha,Yank,8806
evt_06250,evt_00045,0xAlpha,Minty,8812
evt_06266,evt_00642,0xBeta,Glint,8832
evt_06272,evt_03195,0xBeta,Withdr-O,8840
evt_06278,evt_04588,0xAlpha,Glint,8847
evt_06284,evt_06262,0xGamma,Zync,8855
evt_06298,evt_5395692,0xGamma,Flux,8872
evt_06307,evt_03812,0xBeta,Flux,8883
evt_06310,evt_4615499,0xDelta,Withdr-O,8887
evt_06313,evt_04114,0xDelta,Depos-X,8891
evt_06319,evt_00690,0xAlpha,Zync,8898
evt_06325,evt_05389,0xAlpha,Zync,8906
evt_06348,evt_7946659,0xDelta,Withdr-O,8935
evt_06379,evt_03650,0xDelta,Minty,8973
evt_06388,evt_00128,0xAlpha,Zync,8985
evt_06397,evt_02917,0xDelta,Yank,8996
evt_06403,evt_01615,0xDelta,Withdr-O,9003
evt_06418,evt_9135842,0xGamma,Yank,9022
evt_06424,evt_04676,0xGamma,Minty,9030
evt_06434,evt_04835,0xDelta,Glint,9042
evt_06448,evt_00596,0xOmega,Depos-X,9060
evt_06473,evt_02475,0xBeta,Depos-X,9091
evt_06481,evt_01102,0xAlpha,Flux,9101
evt_06491,evt_03635,0xAlpha,Withdr-O,9113
evt_06493,evt_02444,0xBeta,Withdr-O,9116
evt_06535,evt_06279,0xOmega,Minty,9168
evt_06537,evt_01241,0xAlpha,Flux,9171
evt_06562,evt_05769,0xOmega,Yank,9202
evt_06581,evt_02992,0xAlpha,Depos-X,9226
evt_06603,evt_00989,0xGamma,Minty,9253
evt_06620,evt_04157,0xBeta,Minty,9275
evt_06629,evt_01439,0xDelta,Withdr-O,9286
evt_06631,evt_02767,0xDelta,Glint,9288
evt_06640,evt_4847644,0xGamma,Depos-X,9300
evt_06641,evt_04882,0xOmega,Depos-X,9301
evt_06649,evt_04473,0xBeta,Withdr-O,9311
evt_06654,evt_03717,0xGamma,Glint,9317
evt_06655,evt_04629,0xAlpha,Flux,9318
evt_06667,evt_03889,0xDelta,Yank,9333
evt_06670,evt_03887,0xAlpha,Glint,9337
evt_06678,evt_03606,0xDelta,Flux,9347
evt_06692,evt_04935,0xOmega,Depos-X,9365
evt_06696,evt_03082,0xBeta,Yank,9370
evt_06707,evt_6682985,0xOmega,Minty,9383
evt_06708,evt_06146,0xAlpha,Depos-X,9385
evt_06721,evt_06569,0xAlpha,Zync,9401
evt_06734,evt_05898,0xGamma,Yank,9417
evt_06766,evt_06046,0xDelta,Glint,9457
evt_06775,evt_05045,0xDelta,Withdr-O,9468
evt_06790,evt_05809,0xGamma,Glint,9487
evt_06794,evt_04853,0xBeta,Withdr-O,9492
evt_06804,evt_01388,0xAlpha,Yank,9505
evt_06805,evt_06046,0xBeta,Flux,9506
evt_06839,evt_01460,0xOmega,Glint,9548
evt_06840,evt_00241,0xOmega,Yank,9550
evt_06842,evt_01221,0xBeta,Zync,9552
evt_06847,evt_02243,0xOmega,Depos-X,9558
evt_06851,evt_03793,0xDelta,Yank,9563
evt_06862,evt_03772,0xAlpha,Withdr-O,9577
evt_06899,evt_05420,0xGamma,Withdr-O,9623
evt_06904,evt_06877,0xDelta,Flux,9630
evt_06909,evt_02624,0xGamma,Minty,9636
evt_06925,evt_06462,0xBeta,Depos-X,9656
evt_06936,evt_02977,0xAlpha,Depos-X,9670
evt_06937,evt_05464,0xOmega,Withdr-O,9671
evt_06943,evt_02830,0xAlpha,Yank,9678
evt_06986,evt_06038,0xBeta,Glint,9732
evt_06987,evt_05834,0xGamma,Glint,9733
evt_07020,evt_06300,0xBeta,Yank,9775
evt_07027,evt_05930,0xBeta,Flux,9783
evt_07040,evt_00573,0xGamma,Depos-X,9800
evt_07045,evt_02660,0xBeta,Flux,9806
evt_07061,evt_03406,0xGamma,Minty,9826
evt_07062,evt_04222,0xGamma,Withdr-O,9827
evt_07065,evt_03469,0xOmega,Minty,9831
evt_07069,evt_06466,0xAlpha,Zync,9836
evt_07091,evt_06357,0xBeta,Zync,9863
evt_07105,evt_05460,0xAlpha,Minty,9881
evt_07145,evt_05630,0xDelta,Yank,9931
evt_07168,evt_04271,0xAlpha,Yank,9960
evt_07176,evt_00587,0xGamma,Minty,9970
evt_07179,evt_02866,0xAlpha,Glint,9973
evt_07186,evt_05426,0xBeta,Zync,9982
evt_07218,evt_04021,0xBeta,Zync,10022
evt_07227,evt_03141,0xOmega,Minty,10033
evt_07228,evt_00954,0xGamma,Minty,10035
evt_07240,evt_06312,0xOmega,Flux,10050
evt_07250,evt_05540,0xOmega,Flux,10062
evt_07271,evt_04025,0xGamma,Zync,10088
evt_07275,evt_2571232,0xOmega,Withdr-O,10093
evt_07292,evt_07191,0xGamma,Flux,10115
evt_07300,evt_06180,0xDelta,Flux,10125
evt_07331,evt_02672,0xBeta,Glint,10163
evt_07351,evt_04114,0xOmega,Minty,10188
evt_07361,evt_00690,0xAlpha,Flux,10201
evt_07363,evt_06383,0xGamma,Depos-X,10203
evt_07364,evt_05903,0xBeta,Minty,10205
evt_07377,evt_02502,0xBeta,Depos-X,10221
evt_07378,evt_00005,0xDelta,Zync,10222
evt_07384,evt_2165534,0xOmega,Yank,10230
evt_07410,evt_03400,0xBeta,Zync,10262
evt_07427,evt_06826,0xDelta,Flux,10283
evt_07429,evt_05068,0xGamma,Depos-X,10286
evt_07442,evt_04883,0xDelta,Depos-X,10302
evt_07444,evt_07136,0xGamma,Zync,10305
evt_07455,evt_05012,0xDelta,Withdr-O,10318
evt_07459,evt_02636,0xOmega,Zync,10323
evt_07464,evt_06140,0xBeta,Yank,10330
evt_07473,evt_01547,0xAlpha,Minty,10341
evt_07486,evt_06585,0xGamma,Flux,10357
evt_07490,evt_00855,0xAlpha,Flux,10362
evt_07501,evt_01419,0xDelta,Yank,10376
evt_07555,evt_03612,0xGamma,Yank,10443
evt_07566,evt_00135,0xGamma,Zync,10457
evt_07568,evt_03162,0xAlpha,Glint,10460
evt_07586,evt_04098,0xDelta,Withdr-O,10482
evt_07601,evt_00963,0xGamma,Zync,10501
evt_07626,evt_00419,0xGamma,Minty,10532
evt_07646,evt_00585,0xDelta,Depos-X,10557
evt_07654,evt_06312,0xOmega,Flux,10567
evt_07659,evt_01354,0xDelta,Yank,10573
evt_07710,evt_07661,0xBeta,Minty,10637
evt_07713,evt_03103,0xBeta,Minty,10641
evt_07722,evt_04744,0xDelta,Zync,10652
evt_07734,evt_06495,0xDelta,Depos-X,10667
evt_07749,evt_2062174,0xOmega,Glint,10686
evt_07759,evt_3021948,0xOmega,Yank,10698
evt_07781,evt_05466,0xBeta,Flux,10726
evt_07782,evt_02327,0xBeta,Glint,10727
evt_07801,evt_02207,0xOmega,Minty,10751
evt_07804,evt_03597,0xBeta,Withdr-O,10755
evt_07811,evt_05147,0xOmega,Glint,10763
evt_07821,evt_03904,0xBeta,Glint,10776
evt_07822,evt_07034,0xGamma,Zync,10777
evt_07827,evt_02230,0xGamma,Flux,10783
evt_07831,evt_06837,0xBeta,Zync,10788
evt_07854,evt_04034,0xDelta,Withdr-O,10817
evt_07863,evt_07096,0xOmega,Flux,10828
evt_07872,evt_05649,0xGamma,Zync,10840
evt_07883,evt_01866,0xGamma,Yank,10853
evt_07894,evt_04829,0xDelta,Minty,10867
evt_07909,evt_00214,0xOmega,Zync,10886
evt_07922,evt_02617,0xBeta,Zync,10902
evt_07939,evt_00026,0xDelta,Flux,10923
evt_07946,evt_00573,0xAlpha,Yank,10932
evt_07951,evt_01491,0xGamma,Depos-X,10938
evt_07953,evt_00618,0xOmega,Withdr-O,10941
evt_07954,evt_03355,0xGamma,Yank,10942
evt_07963,evt_07750,0xAlpha,Glint,10953
evt_07971,evt_04700,0xGamma,Minty,10963
evt_07985,evt_06751,0xBeta,Yank,10981
evt_08003,evt_07134,0xDelta,Flux,11003
evt_08027,evt_06771,0xOmega,Flux,11033
evt_08041,evt_06408,0xOmega,Glint,11051
evt_08057,evt_04097,0xOmega,Depos-X,11071
evt_08061,evt_2803749,0xAlpha,Yank,11076
evt_08069,evt_03176,0xAlpha,Glint,11086
evt_08070,evt_02809,0xBeta,Minty,11087
evt_08079,evt_01394,0xAlpha,Depos-X,11098
evt_08084,evt_03851,0xGamma,Yank,11105
evt_08099,evt_04034,0xGamma,Glint,11123
evt_08103,evt_03422,0xBeta,Zync,11128
evt_08105,evt_07359,0xAlpha,Zync,11131
evt_08107,evt_03865,0xOmega,Zync,11133
evt_08135,evt_04077,0xBeta,Glint,11168
evt_08148,evt_02905,0xBeta,Depos-X,11185
evt_08149,evt_07368,0xAlpha,Glint,11186
evt_08160,evt_03421,0xAlpha,Yank,11200
evt_08173,evt_01125,0xGamma,Zync,11216
evt_08178,evt_04673,0xBeta,Glint,11222
evt_08195,evt_06820,0xGamma,Minty,11243
evt_08200,evt_03215,0xOmega,Depos-X,11250
evt_08218,evt_08212,0xAlpha,Yank,11272
evt_08229,evt_01183,0xGamma,Minty,11286
evt_08230,evt_02835,0xDelta,Withdr-O,11287
evt_08238,evt_04105,0xAlpha,Flux,11297
evt_08258,evt_03098,0xAlpha,Yank,11322
evt_08283,evt_07952,0xGamma,Depos-X,11353
evt_08285,evt_07093,0xBeta,Minty,11356
evt_08301,evt_05899,0xAlpha,Yank,11376
evt_08325,evt_00237,0xDelta,Zync,11406
evt_08327,evt_01920,0xBeta,Depos-X,11408
evt_08338,evt_05140,0xBeta,Glint,11422
evt_08360,evt_01499,0xAlpha,Withdr-O,11450
evt_08364,evt_00121,0xOmega,Depos-X,11455
evt_08373,evt_03530,0xBeta,Flux,11466
evt_08377,evt_03879,0xBeta,Depos-X,11471
evt_08379,evt_00325,0xAlpha,Depos-X,11473
evt_08387,evt_00493,0xGamma,Glint,11483
evt_08406,evt_01015,0xOmega,Glint,11507
evt_08429,evt_08117,0xOmega,Zync,11536
evt_08457,evt_01513,0xGamma,Zync,11571
evt_08463,evt_01093,0xGamma,Zync,11578
evt_08524,evt_00535,0xGamma,Depos-X,11655
evt_08532,evt_4174891,0xBeta,Flux,11665
evt_08553,evt_02083,0xBeta,Flux,11691
evt_08555,evt_03824,0xOmega,Yank,11693
evt_08556,evt_00858,0xGamma,Flux,11695
evt_08568,evt_00310,0xDelta,Zync,11710
evt_08599,evt_08335,0xDelta,Minty,11748
evt_08625,evt_01600,0xAlpha,Yank,11781
evt_08626,evt_01444,0xOmega,Yank,11782
evt_08629,evt_08219,0xAlpha,Glint,11786
evt_08637,evt_00982,0xGamma,Glint,11796
evt_08646,evt_08074,0xOmega,Yank,11807
evt_08647,evt_06681,0xGamma,Minty,11808
evt_08650,evt_04453,0xAlpha,Withdr-O,11812
evt_08653,evt_05119,0xBeta,Flux,11816
evt_08681,evt_06864,0xDelta,Withdr-O,11851
evt_08705,evt_00786,0xDelta,Depos-X,11881
evt_08719,evt_02660,0xBeta,Depos-X,11898
evt_08741,evt_06515,0xBeta,Glint,11926
evt_08756,evt_03220,0xGamma,Depos-X,11945
evt_08757,evt_06583,0xBeta,Withdr-O,11946
evt_08775,evt_08219,0xGamma,Yank,11968
evt_08777,evt_05499,0xGamma,Zync,11971
evt_08808,evt_07146,0xOmega,Yank,12010
evt_08826,evt_07291,0xDelta,Withdr-O,12032
evt_08830,evt_01915,0xDelta,Zync,12037
evt_08833,evt_01207,0xBeta,Depos-X,12041
evt_08868,evt_05411,0xBeta,Flux,12085
evt_08882,evt_08845,0xDelta,Minty,12102
evt_08896,evt_01816,0xDelta,Withdr-O,12120
evt_08902,evt_03631,0xAlpha,Glint,12127
evt_08921,evt_02312,0xAlpha,Yank,12151
evt_08934,evt_04324,0xOmega,Flux,12167
evt_08938,evt_05904,0xAlpha,Minty,12172
evt_08949,evt_06764,0xAlpha,Depos-X,12186
evt_08952,evt_07070,0xOmega,Flux,12190
evt_08964,evt_00478,0xGamma,Withdr-O,12205
evt_08965,evt_08699,0xDelta,Yank,12206
evt_08970,evt_07150,0xDelta,Minty,12212
evt_08976,evt_02037,0xBeta,Glint,12220
evt_09002,evt_1829670,0xAlpha,Minty,12252
evt_09013,evt_06405,0xGamma,Yank,12266
evt_09020,evt_06642,0xBeta,Minty,12275
evt_09023,evt_02441,0xBeta,Glint,12278
evt_09074,evt_06870,0xGamma,Yank,12342
evt_09080,evt_06058,0xGamma,Depos-X,12350
evt_09095,evt_06605,0xGamma,Flux,12368
evt_09097,evt_01144,0xOmega,Zync,12371
evt_09103,evt_01758,0xBeta,Glint,12378
evt_09121,evt_07108,0xOmega,Minty,12401
evt_09122,evt_07340,0xGamma,Withdr-O,12402
evt_09140,evt_01112,0xGamma,Zync,12425
evt_09141,evt_03143,0xOmega,Minty,12426
evt_09151,evt_04901,0xBeta,Flux,12438
evt_09160,evt_01151,0xOmega,Flux,12450
evt_09167,evt_02550,0xBeta,Yank,12458
evt_09172,evt_05971,0xDelta,Glint,12465
evt_09173,evt_02184,0xDelta,Withdr-O,12466
evt_09192,evt_04094,0xOmega,Depos-X,12490
evt_09207,evt_00566,0xGamma,Depos-X,12508
evt_09214,evt_06091,0xOmega,Flux,12517
evt_09215,evt_08337,0xBeta,Minty,12518
evt_09236,evt_05111,0xGamma,Glint,12545
evt_09240,evt_02452,0xBeta,Flux,12550
evt_09265,evt_09079,0xGamma,Zync,12581
evt_09266,evt_00601,0xOmega,Withdr-O,12582
evt_09282,evt_8611643,0xAlpha,Depos-X,12602
evt_09299,evt_05254,0xAlpha,Minty,12623
evt_09303,evt_01381,0xAlpha,Zync,12628
evt_09310,evt_2947361,0xDelta,Flux,12637
evt_09313,evt_04132,0xOmega,Depos-X,12641
evt_09332,evt_01001,0xDelta,Zync,12665
evt_09337,evt_04829,0xDelta,Zync,12671
evt_09353,evt_08060,0xBeta,Depos-X,12691
evt_09378,evt_02751,0xAlpha,Minty,12722
evt_09388,evt_01972,0xAlpha,Depos-X,12735
evt_09402,evt_3456506,0xDelta,Zync,12752
evt_09410,evt_07808,0xGamma,Yank,12762
evt_09418,evt_04018,0xBeta,Glint,12772
evt_09427,evt_05464,0xOmega,Flux,12783
evt_09430,evt_05096,0xAlpha,Depos-X,12787
evt_09434,evt_08275,0xOmega,Withdr-O,12792
evt_09439,evt_6730402,0xGamma,Minty,12798
evt_09448,evt_02632,0xBeta,Withdr-O,12810
evt_09467,evt_03064,0xBeta,Glint,12833
evt_09475,evt_08659,0xDelta,Glint,12843
evt_09493,evt_08501,0xBeta,Withdr-O,12866
evt_09520,evt_01011,0xAlpha,Depos-X,12900
evt_09527,evt_06752,0xOmega,Zync,12908
evt_09531,evt_07270,0xGamma,Withdr-O,12913
evt_09537,evt_02374,0xOmega,Depos-X,12921
evt_09543,evt_03886,0xDelta,Glint,12928
evt_09551,evt_07493,0xDelta,Withdr-O,12938
evt_09560,evt_07401,0xDelta,Zync,12950
evt_09567,evt_07174,0xBeta,Yank,12958
evt_09576,evt_8131254,0xBeta,Flux,12970
evt_09584,evt_05322,0xOmega,Depos-X,12980
evt_09585,evt_04338,0xBeta,Yank,12981
evt_09606,evt_02093,0xBeta,Minty,13007
evt_09609,evt_8600240,0xDelta,Withdr-O,13011
evt_09611,evt_04611,0xBeta,Zync,13013
evt_09631,evt_03711,0xGamma,Yank,13038
evt_09634,evt_08334,0xAlpha,Depos-X,13042
evt_09637,evt_05389,0xOmega,Withdr-O,13046
evt_09639,evt_07766,0xBeta,Minty,13048
evt_09643,evt_01800,0xOmega,Depos-X,13053
evt_09646,evt_08501,0xDelta,Glint,13057
evt_09647,evt_7573409,0xOmega,Flux,13058
evt_09655,evt_02495,0xBeta,Withdr-O,13068
evt_09665,evt_05539,0xOmega,Withdr-O,13081
evt_09684,evt_03955,0xDelta,Flux,13105
evt_09689,evt_08516,0xOmega,Minty,13111
evt_09699,evt_08861,0xGamma,Glint,13123
evt_09701,evt_04805,0xGamma,Zync,13126
evt_09725,evt_03469,0xGamma,Zync,13156
evt_09744,evt_00727,0xDelta,Withdr-O,13180
evt_09749,evt_08960,0xBeta,Flux,13186
evt_09769,evt_02897,0xAlpha,Minty,13211
evt_09772,evt_00832,0xBeta,Minty,13215
evt_09791,evt_06918,0xOmega,Zync,13238
evt_09793,evt_01361,0xAlpha,Minty,13241
evt_09807,evt_07584,0xAlpha,Withdr-O,13258
evt_09809,evt_01071,0xAlpha,Zync,13261
evt_09825,evt_06152,0xGamma,Glint,13281
evt_09834,evt_09704,0xGamma,Zync,13292
evt_09843,evt_01339,0xOmega,Flux,13303
evt_09852,evt_06886,0xAlpha,Glint,13315
evt_09855,evt_06660,0xOmega,Yank,13318
evt_09862,evt_06500,0xOmega,Withdr-O,13327
evt_09863,evt_02484,0xGamma,Withdr-O,13328
evt_09864,evt_05723,0xGamma,Glint,13330
evt_09875,evt_01303,0xBeta,Depos-X,13343
evt_09879,evt_02548,0xBeta,Glint,13348
evt_09907,evt_03213,0xDelta,Yank,13383
evt_09908,evt_04161,0xOmega,Yank,13385
evt_09913,evt_09471,0xOmega,Zync,13391
evt_09916,evt_00166,0xOmega,Depos-X,13395
evt_09929,evt_08697,0xGamma,Yank,13411
evt_09930,evt_05093,0xOmega,Withdr-O,13412
evt_09952,evt_05786,0xOmega,Zync,13440
evt_09956,evt_08723,0xAlpha,Yank,13445
evt_09972,evt_01244,0xOmega,Yank,13465
evt_09979,evt_00335,0xBeta,Zync,13473
evt_09986,evt_04223,0xBeta,Yank,13482
evt_09989,evt_08175,0xOmega,Withdr-O,13486
evt_09997,evt_01388,0xGamma,Glint,13496
evt_09998,evt_05045,0xAlpha,Withdr-O,13497
evt_10003,evt_2439838,0xBeta,Depos-X,13503
evt_10015,evt_07475,0xOmega,Zync,13518
evt_10016,evt_06071,0xGamma,Glint,13520
evt_10024,evt_05625,0xGamma,Yank,13530
evt_10026,evt_8685350,0xGamma,Flux,13532
evt_10031,evt_08404,0xDelta,Zync,13538
evt_10036,evt_06414,0xGamma,Zync,13545
evt_10038,evt_03398,0xAlpha,Flux,13547
evt_10047,evt_09548,0xAlpha,Minty,13558
evt_10049,evt_4563648,0xOmega,Yank,13561
evt_10054,evt_02625,0xBeta,Yank,13567
evt_10059,evt_06394,0xOmega,Minty,13573
evt_10062,evt_00847,0xGamma,Yank,13577
evt_10074,evt_07615,0xDelta,Depos-X,13592
evt_10081,evt_01743,0xDelta,Glint,13601
evt_10084,evt_04886,0xAlpha,Glint,13605
evt_10088,evt_06392,0xDelta,Glint,13610
evt_10093,evt_04626,0xGamma,Yank,13616
evt_10099,evt_05199,0xAlpha,Flux,13623
evt_10103,evt_09700,0xAlpha,Glint,13628
evt_10108,evt_00092,0xAlpha,Yank,13635
evt_10123,evt_05777,0xBeta,Yank,13653
evt_10124,evt_08685,0xAlpha,Withdr-O,13655
evt_10132,evt_06178,0xBeta,Yank,13665
evt_10153,evt_05865,0xAlpha,Minty,13691
evt_10163,evt_10076,0xDelta,Minty,13703
evt_10164,evt_05044,0xAlpha,Depos-X,13705
evt_10186,evt_09607,0xOmega,Zync,13732
evt_10224,evt_01232,0xAlpha,Depos-X,13780
evt_10261,evt_00278,0xOmega,Yank,13826
evt_10269,evt_08528,0xAlpha,Minty,13836
evt_10275,evt_03401,0xGamma,Withdr-O,13843
evt_10305,evt_00769,0xAlpha,Yank,13881
evt_10306,evt_00550,0xDelta,Depos-X,13882
evt_10322,evt_4755027,0xAlpha,Minty,13902
evt_10332,evt_04367,0xBeta,Withdr-O,13915
evt_10343,evt_3872041,0xOmega,Flux,13928
evt_10347,evt_01000,0xBeta,Minty,13933
evt_10354,evt_06638,0xDelta,Withdr-O,13942
evt_10362,evt_09481,0xAlpha,Withdr-O,13952
evt_10365,evt_04783,0xBeta,Minty,13956
evt_10392,evt_5162130,0xBeta,Depos-X,13990
evt_10412,evt_06740,0xGamma,Withdr-O,14015
evt_10415,evt_08477,0xGamma,Yank,14018
evt_10420,evt_04953,0xAlpha,Withdr-O,14025
evt_10422,evt_04728,0xGamma,Depos-X,14027
evt_10425,evt_06456,0xOmega,Withdr-O,14031
evt_10428,evt_5496256,0xOmega,Yank,14035
evt_10447,evt_3249805,0xGamma,Minty,14058
evt_10473,evt_05539,0xAlpha,Withdr-O,14091
evt_10490,evt_06294,0xGamma,Zync,14112
evt_10505,evt_02818,0xGamma,Minty,14131
evt_10513,evt_04987,0xDelta,Zync,14141
evt_10517,evt_2045372,0xOmega,Yank,14146
evt_10520,evt_02408,0xGamma,Yank,14150
evt_10524,evt_05501,0xDelta,Zync,14155
evt_10546,evt_03838,0xOmega,Glint,14182
evt_10547,evt_00019,0xGamma,Depos-X,14183
evt_10561,evt_02862,0xOmega,Withdr-O,14201
evt_10566,evt_10175,0xGamma,Zync,14207
evt_10568,evt_07388,0xBeta,Flux,14210
evt_10569,evt_01203,0xGamma,Yank,14211
evt_10580,evt_02700,0xBeta,Minty,14225
evt_10589,evt_09880,0xAlpha,Minty,14236
evt_10594,evt_6376706,0xGamma,Minty,14242
evt_10620,evt_00582,0xGamma,Zync,14275
evt_10642,evt_04447,0xGamma,Withdr-O,14302
evt_10668,evt_00727,0xDelta,Flux,14335
evt_10669,evt_01393,0xOmega,Withdr-O,14336
evt_10705,evt_06997,0xAlpha,Yank,14381
evt_10715,evt_05710,0xAlpha,Zync,14393
evt_10716,evt_01301,0xBeta,Flux,14395
evt_10720,evt_03625,0xOmega,Withdr-O,14400
evt_10740,evt_00597,0xDelta,Yank,14425
evt_10745,evt_03431,0xBeta,Yank,14431
evt_10780,evt_06570,0xAlpha,Withdr-O,14475
evt_10788,evt_10058,0xGamma,Glint,14485
evt_10794,evt_07738,0xOmega,Flux,14492
evt_10822,evt_08920,0xAlpha,Depos-X,14527
evt_10841,evt_08618,0xGamma,Glint,14551
evt_10842,evt_05425,0xOmega,Minty,14552
evt_10849,evt_07010,0xAlpha,Glint,14561
evt_10853,evt_06494,0xDelta,Yank,14566
evt_10859,evt_08385,0xGamma,Zync,14573
evt_10876,evt_03545,0xBeta,Glint,14595
evt_10894,evt_09595,0xOmega,Glint,14617
evt_10903,evt_01485,0xBeta,Withdr-O,14628
evt_10909,evt_07553,0xGamma,Withdr-O,14636
evt_10913,evt_10626,0xOmega,Minty,14641
evt_10921,evt_07496,0xDelta,Glint,14651
evt_10929,evt_07251,0xOmega,Withdr-O,14661
evt_10930,evt_10191,0xBeta,Zync,14662
evt_10931,evt_00195,0xBeta,Zync,14663
evt_10937,evt_02744,0xBeta,Glint,14671
evt_10948,evt_07115,0xGamma,Minty,14685
evt_10950,evt_01389,0xDelta,Yank,14687
evt_10956,evt_07043,0xDelta,Glint,14695
evt_10988,evt_07957,0xAlpha,Depos-X,14735
evt_10994,evt_00977,0xGamma,Withdr-O,14742
evt_11002,evt_07934,0xGamma,Yank,14752
evt_11010,evt_05051,0xDelta,Glint,14762
evt_11015,evt_02375,0xGamma,Yank,14768
evt_11023,evt_00733,0xDelta,Depos-X,14778
evt_11025,evt_05066,0xOmega,Glint,14781
evt_11030,evt_04101,0xAlpha,Minty,14787
evt_11035,evt_01431,0xGamma,Zync,14793
evt_11045,evt_04521,0xGamma,Withdr-O,14806
evt_11057,evt_07842,0xGamma,Flux,14821
evt_11067,evt_10661,0xDelta,Depos-X,14833
evt_11086,evt_01058,0xAlpha,Zync,14857
evt_11094,evt_06870,0xGamma,Withdr-O,14867
evt_11103,evt_09085,0xBeta,Minty,14878
evt_11122,evt_05906,0xGamma,Depos-X,14902
evt_11126,evt_02081,0xOmega,Zync,14907
evt_11141,evt_10917,0xDelta,Glint,14926
evt_11158,evt_10565,0xDelta,Minty,14947
evt_11163,evt_11142,0xAlpha,Yank,14953
evt_11167,evt_01216,0xBeta,Flux,14958
evt_11169,evt_08640,0xOmega,Withdr-O,14961
evt_11204,evt_00447,0xAlpha,Glint,15005
evt_11214,evt_2876116,0xBeta,Flux,15017
evt_11227,evt_10908,0xOmega,Zync,15033
evt_11229,evt_03744,0xOmega,Yank,15036
evt_11238,evt_07736,0xOmega,Zync,15047
evt_11241,evt_06194,0xAlpha,Withdr-O,15051
evt_11243,evt_01246,0xBeta,Flux,15053
evt_11256,evt_09676,0xOmega,Minty,15070
evt_11265,evt_02228,0xGamma,Yank,15081
evt_11266,evt_06306,0xGamma,Minty,15082
evt_11273,evt_03812,0xDelta,Zync,15091
evt_11290,evt_03028,0xAlpha,Glint,15112
evt_11292,evt_04400,0xAlpha,Yank,15115
evt_11305,evt_06089,0xDelta,Minty,15131
evt_11319,evt_04241,0xGamma,Flux,15148
evt_11321,evt_07144,0xBeta,Glint,15151
evt_11330,evt_07911,0xDelta,Depos-X,15162
evt_11331,evt_01974,0xDelta,Glint,15163
evt_11336,evt_07717,0xDelta,Minty,15170
evt_11351,evt_09457,0xOmega,Depos-X,15188
evt_11363,evt_2979821,0xOmega,Flux,15203
evt_11378,evt_01136,0xBeta,Yank,15222
evt_11401,evt_08187,0xDelta,Depos-X,15251
evt_11409,evt_1538380,0xBeta,Minty,15261
evt_11411,evt_1502502,0xGamma,Zync,15263
evt_11422,evt_7016126,0xGamma,Glint,15277
evt_11426,evt_02668,0xOmega,Minty,15282
evt_11455,evt_02988,0xBeta,Flux,15318
evt_11481,evt_06952,0xAlpha,Flux,15351
evt_11484,evt_00572,0xGamma,Minty,15355
evt_11487,evt_1532765,0xDelta,Flux,15358
evt_11488,evt_09428,0xAlpha,Yank,15360
evt_11491,evt_01852,0xDelta,Zync,15363
evt_11509,evt_02723,0xGamma,Minty,15386
evt_11511,evt_06966,0xGamma,Depos-X,15388
evt_11517,evt_10784,0xBeta,Yank,15396
evt_11538,evt_10105,0xAlpha,Withdr-O,15422
evt_11540,evt_10581,0xOmega,Minty,15425
evt_11542,evt_02113,0xOmega,Zync,15427
evt_11548,evt_09642,0xDelta,Minty,15435
evt_11552,evt_05653,0xOmega,Flux,15440
evt_11575,evt_02275,0xBeta,Glint,15468
evt_11601,evt_07095,0xOmega,Yank,15501
evt_11628,evt_05107,0xBeta,Minty,15535
evt_11632,evt_03297,0xDelta,Depos-X,15540
evt_11642,evt_09188,0xOmega,Minty,15552
evt_11668,evt_06934,0xGamma,Zync,15585
evt_11682,evt_05325,0xBeta,Flux,15602
evt_11690,evt_09831,0xDelta,Withdr-O,15612
evt_11693,evt_06016,0xAlpha,Withdr-O,15616
evt_11697,evt_5836503,0xGamma,Depos-X,15621
evt_11711,evt_01389,0xBeta,Glint,15638
evt_11724,evt_01642,0xAlpha,Withdr-O,15655
evt_11739,evt_09318,0xBeta,Zync,15673
evt_11753,evt_07206,0xAlpha,Yank,15691
evt_11767,evt_03236,0xBeta,Withdr-O,15708
evt_11782,evt_04921,0xAlpha,Glint,15727
evt_11799,evt_11541,0xDelta,Minty,15748
evt_11811,evt_04432,0xAlpha,Yank,15763
evt_11812,evt_08685,0xOmega,Flux,15765
evt_11829,evt_06498,0xAlpha,Yank,15786
evt_11833,evt_11309,0xGamma,Zync,15791
evt_11845,evt_03925,0xBeta,Depos-X,15806
evt_11851,evt_02323,0xDelta,Yank,15813
evt_11862,evt_01216,0xBeta,Withdr-O,15827
evt_11907,evt_02592,0xAlpha,Minty,15883
evt_11928,evt_05460,0xAlpha,Minty,15910
evt_11934,evt_02645,0xGamma,Yank,15917
evt_11955,evt_11113,0xOmega,Yank,15943
evt_11965,evt_01079,0xGamma,Glint,15956
evt_11979,evt_02422,0xDelta,Flux,15973
evt_11980,evt_11749,0xBeta,Yank,15975
evt_11981,evt_3961712,0xBeta,Yank,15976
evt_11987,evt_11514,0xDelta,Depos-X,15983
evt_12005,evt_11710,0xDelta,Yank,16006
evt_12008,evt_11346,0xDelta,Glint,16010
evt_12009,evt_09896,0xAlpha,Glint,16011
evt_12024,evt_01047,0xGamma,Yank,16030
evt_12039,evt_00419,0xDelta,Minty,16048
evt_12051,evt_04790,0xOmega,Withdr-O,16063
evt_12071,evt_02692,0xGamma,Flux,16088
evt_12094,evt_08074,0xAlpha,Depos-X,16117
evt_12096,evt_3620851,0xAlpha,Depos-X,16120
evt_12104,evt_09839,0xAlpha,Minty,16130
evt_12117,evt_11795,0xAlpha,Minty,16146
evt_12120,evt_02719,0xDelta,Depos-X,16150
evt_12131,evt_10501,0xOmega,Minty,16163
evt_12170,evt_04976,0xAlpha,Zync,16212
evt_12171,evt_10040,0xDelta,Zync,16213
evt_12173,evt_07399,0xDelta,Flux,16216
evt_12189,evt_11679,0xGamma,Depos-X,16236
evt_12191,evt_5229922,0xGamma,Minty,16238
evt_12211,evt_07917,0xOmega,Flux,16263
evt_12225,evt_8012274,0xDelta,Withdr-O,16281
evt_12235,evt_08227,0xOmega,Flux,16293
evt_12240,evt_08753,0xDelta,Zync,16300
evt_12245,evt_10138,0xGamma,Flux,16306
evt_12275,evt_06791,0xDelta,Zync,16343
evt_12279,evt_12106,0xGamma,Withdr-O,16348
evt_12295,evt_08697,0xDelta,Minty,16368
evt_12296,evt_01174,0xOmega,Yank,16370
evt_12302,evt_02646,0xDelta,Zync,16377
evt_12336,evt_00715,0xDelta,Depos-X,16420
evt_12338,evt_01497,0xGamma,Glint,16422
evt_12341,evt_01447,0xDelta,Yank,16426
evt_12342,evt_06651,0xBeta,Yank,16427
evt_12355,evt_01866,0xGamma,Zync,16443
evt_12357,evt_06821,0xDelta,Yank,16446
evt_12358,evt_5027404,0xGamma,Depos-X,16447
evt_12368,evt_05089,0xAlpha,Glint,16460
evt_12369,evt_02590,0xDelta,Minty,16461
evt_12384,evt_3064091,0xBeta,Glint,16480
evt_12399,evt_02333,0xOmega,Yank,16498
evt_12403,evt_09782,0xBeta,Depos-X,16503
evt_12411,evt_07164,0xDelta,Depos-X,16513
evt_12426,evt_05895,0xGamma,Withdr-O,16532
evt_12432,evt_01120,0xOmega,Withdr-O,16540
evt_12433,evt_01105,0xDelta,Yank,16541
evt_12468,evt_07518,0xGamma,Depos-X,16585
evt_12469,evt_11662,0xAlpha,Glint,16586
evt_12472,evt_07106,0xGamma,Yank,16590
evt_12509,evt_12464,0xOmega,Minty,16636
evt_12523,evt_11674,0xOmega,Yank,16653
evt_12525,evt_07057,0xDelta,Withdr-O,16656
evt_12528,evt_08534,0xDelta,Glint,16660
evt_12533,evt_09288,0xDelta,Minty,16666
evt_12541,evt_08130,0xGamma,Depos-X,16676
evt_12546,evt_03683,0xDelta,Depos-X,16682
evt_12560,evt_11663,0xDelta,Depos-X,16700
evt_12563,evt_11705,0xOmega,Yank,16703
evt_12573,evt_11014,0xOmega,Flux,16716
evt_12575,evt_03212,0xDelta,Minty,16718
evt_12582,evt_07737,0xGamma,Yank,16727
evt_12587,evt_07451,0xBeta,Glint,16733
evt_12607,evt_03556,0xBeta,Minty,16758
evt_12616,evt_07565,0xGamma,Glint,16770
evt_12618,evt_09191,0xBeta,Minty,16772
evt_12621,evt_07577,0xOmega,Glint,16776
evt_12626,evt_11839,0xOmega,Minty,16782
evt_12627,evt_02552,0xBeta,Glint,16783
evt_12628,evt_7684648,0xGamma,Yank,16785
evt_12633,evt_11335,0xOmega,Withdr-O,16791
evt_12640,evt_7308757,0xGamma,Minty,16800
evt_12646,evt_01399,0xAlpha,Zync,16807
evt_12649,evt_07013,0xAlpha,Zync,16811
evt_12652,evt_05566,0xOmega,Glint,16815
evt_12657,evt_08536,0xDelta,Depos-X,16821
evt_12669,evt_06452,0xBeta,Withdr-O,16836
evt_12694,evt_07296,0xBeta,Yank,16867
evt_12700,evt_10406,0xBeta,Glint,16875
evt_12712,evt_10208,0xDelta,Minty,16890
evt_12716,evt_09321,0xAlpha,Minty,16895
evt_12745,evt_11258,0xOmega,Minty,16931
evt_12756,evt_05686,0xAlpha,Zync,16945
evt_12761,evt_07102,0xGamma,Zync,16951
evt_12767,evt_03088,0xAlpha,Zync,16958
evt_12773,evt_06508,0xOmega,Yank,16966
evt_12778,evt_03254,0xOmega,Flux,16972
evt_12784,evt_4149685,0xDelta,Yank,16980
evt_12786,evt_11671,0xDelta,Depos-X,16982
evt_12798,evt_10491,0xAlpha,Flux,16997
evt_12799,evt_11713,0xBeta,Minty,16998
evt_12800,evt_02223,0xAlpha,Minty,17000
evt_12825,evt_6878195,0xOmega,Yank,17031
evt_12849,evt_04464,0xBeta,Glint,17061
evt_12862,evt_01192,0xAlpha,Flux,17077
evt_12871,evt_10313,0xDelta,Depos-X,17088
evt_12888,evt_09056,0xOmega,Minty,17110
evt_12899,evt_05726,0xDelta,Withdr-O,17123
evt_12910,evt_02195,0xAlpha,Flux,17137
evt_12920,evt_01979,0xGamma,Yank,17150
evt_12928,evt_04774,0xDelta,Glint,17160
evt_12930,evt_01673,0xOmega,Minty,17162
evt_12940,evt_08503,0xOmega,Depos-X,17175
evt_12947,evt_08156,0xAlpha,Yank,17183
evt_12948,evt_12410,0xBeta,Yank,17185
evt_12980,evt_09356,0xGamma,Depos-X,17225
evt_12988,evt_01371,0xAlpha,Depos-X,17235
evt_12992,evt_1697303,0xBeta,Flux,17240
evt_12993,evt_08405,0xBeta,Flux,17241
evt_12994,evt_07432,0xDelta,Depos-X,17242
evt_13006,evt_06564,0xDelta,Flux,17257
evt_13007,evt_01716,0xOmega,Withdr-O,17258
evt_13011,evt_2897472,0xOmega,Flux,17263
evt_13012,evt_08182,0xAlpha,Flux,17265
evt_13013,evt_09084,0xGamma,Glint,17266
evt_13031,evt_04234,0xGamma,Yank,17288
evt_13033,evt_01246,0xOmega,Glint,17291
evt_13073,evt_00075,0xAlpha,Yank,17341
evt_13077,evt_00626,0xAlpha,Glint,17346
evt_13103,evt_07013,0xGamma,Withdr-O,17378
evt_13118,evt_06916,0xAlpha,Minty,17397
evt_13125,evt_10474,0xGamma,Glint,17406
evt_13139,evt_11991,0xGamma,Depos-X,17423
evt_13150,evt_08508,0xBeta,Withdr-O,17437
evt_13156,evt_00901,0xOmega,Depos-X,17445
evt_13161,evt_04865,0xAlpha,Yank,17451
evt_13169,evt_04456,0xDelta,Minty,17461
evt_13175,evt_09307,0xAlpha,Zync,17468
evt_13191,evt_07328,0xOmega,Depos-X,17488
evt_13200,evt_03326,0xOmega,Depos-X,17500
evt_13210,evt_05499,0xOmega,Yank,17512
evt_13236,evt_09228,0xGamma,Glint,17545
evt_13266,evt_00765,0xOmega,Minty,17582
evt_13294,evt_05401,0xOmega,Yank,17617
evt_13295,evt_09814,0xDelta,Glint,17618
evt_13304,evt_12406,0xAlpha,Zync,17630
evt_13323,evt_06122,0xDelta,Flux,17653
evt_13328,evt_03702,0xGamma,Depos-X,17660
evt_13346,evt_04118,0xOmega,Glint,17682
evt_13352,evt_05522,0xGamma,Yank,17690
evt_13353,evt_13179,0xBeta,Flux,17691
evt_13358,evt_02636,0xBeta,Glint,17697
evt_13361,evt_12635,0xGamma,Glint,17701
evt_13385,evt_08944,0xDelta,Zync,17731
evt_13393,evt_10240,0xOmega,Glint,17741
evt_13411,evt_13174,0xBeta,Flux,17763
evt_13413,evt_04964,0xOmega,Minty,17766
evt_13447,evt_9201562,0xAlpha,Zync,17808
evt_13449,evt_01542,0xDelta,Minty,17811
evt_13450,evt_00487,0xOmega,Zync,17812
evt_13460,evt_04751,0xGamma,Flux,17825
evt_13492,evt_4251805,0xBeta,Minty,17865
evt_13502,evt_6274254,0xBeta,Minty,17877
evt_13526,evt_10696,0xDelta,Depos-X,17907
evt_13527,evt_03505,0xGamma,Glint,17908
evt_13528,evt_02120,0xGamma,Flux,17910
evt_13538,evt_01892,0xDelta,Minty,17922
evt_13553,evt_02453,0xDelta,Glint,17941
evt_13570,evt_01206,0xDelta,Yank,17962
evt_13573,evt_07836,0xOmega,Depos-X,17966
evt_13576,evt_11037,0xDelta,Glint,17970
evt_13580,evt_02037,0xDelta,Yank,17975
evt_13593,evt_08867,0xDelta,Yank,17991
evt_13596,evt_09203,0xBeta,Minty,17995
evt_13597,evt_11080,0xDelta,Depos-X,17996
evt_13616,evt_01204,0xBeta,Yank,18020
evt_13621,evt_07064,0xOmega,Yank,18026
evt_13638,evt_02973,0xBeta,Zync,18047
evt_13639,evt_3678165,0xAlpha,Zync,18048
evt_13644,evt_10619,0xOmega,Glint,18055
evt_13664,evt_06485,0xGamma,Minty,18080
evt_13687,evt_06122,0xDelta,Minty,18108
evt_13709,evt_11097,0xBeta,Zync,18136
evt_13712,evt_01776,0xDelta,Depos-X,18140
evt_13713,evt_02240,0xBeta,Withdr-O,18141
evt_13716,evt_10034,0xOmega,Flux,18145
evt_13722,evt_09532,0xBeta,Zync,18152
evt_13723,evt_00084,0xGamma,Zync,18153
evt_13731,evt_10241,0xAlpha,Zync,18163
evt_13734,evt_11941,0xBeta,Depos-X,18167
evt_13735,evt_06928,0xOmega,Minty,18168
evt_13741,evt_00615,0xBeta,Zync,18176
evt_13750,evt_10615,0xAlpha,Minty,18187
evt_13752,evt_07897,0xOmega,Minty,18190
evt_13769,evt_13673,0xAlpha,Yank,18211
evt_13773,evt_06725,0xOmega,Depos-X,18216
evt_13802,evt_11153,0xBeta,Minty,18252
evt_13810,evt_06030,0xBeta,Depos-X,18262
evt_13816,evt_12196,0xOmega,Withdr-O,18270
evt_13848,evt_04676,0xGamma,Flux,18310
evt_13857,evt_06230,0xBeta,Flux,18321
evt_13890,evt_00614,0xOmega,Minty,18362
evt_13891,evt_06185,0xBeta,Withdr-O,18363
evt_13894,evt_12196,0xAlpha,Glint,18367
evt_13897,evt_00772,0xAlpha,Withdr-O,18371
evt_13898,evt_01523,0xGamma,Depos-X,18372
evt_13905,evt_5490262,0xDelta,Glint,18381
evt_13906,evt_05006,0xGamma,Withdr-O,18382
evt_13915,evt_08688,0xDelta,Flux,18393
evt_13917,evt_09277,0xAlpha,Glint,18396
evt_13919,evt_8773367,0xBeta,Yank,18398
evt_13936,evt_11676,0xDelta,Withdr-O,18420
evt_13942,evt_06296,0xOmega,Withdr-O,18427
evt_13951,evt_10312,0xOmega,Minty,18438
evt_13953,evt_8835698,0xDelta,Minty,18441
evt_13961,evt_04380,0xBeta,Yank,18451
evt_13963,evt_12244,0xAlpha,Zync,18453
evt_13965,evt_01942,0xBeta,Withdr-O,18456
evt_13975,evt_12715,0xAlpha,Withdr-O,18468
evt_13985,evt_07015,0xOmega,Flux,18481
evt_14012,evt_09981,0xOmega,Depos-X,18515
evt_14040,evt_13151,0xGamma,Flux,18550
evt_14050,evt_10978,0xOmega,Depos-X,18562
evt_14054,evt_02898,0xOmega,Withdr-O,18567
evt_14058,evt_07047,0xAlpha,Yank,18572
evt_14070,evt_12856,0xBeta,Yank,18587
evt_14071,evt_06835,0xAlpha,Flux,18588
evt_14075,evt_06220,0xDelta,Depos-X,18593
evt_14087,evt_03437,0xBeta,Glint,18608
evt_14090,evt_07419,0xOmega,Zync,18612
evt_14110,evt_01084,0xOmega,Yank,18637
evt_14146,evt_07900,0xDelta,Depos-X,18682
evt_14154,evt_10287,0xDelta,Withdr-O,18692
evt_14162,evt_10301,0xGamma,Withdr-O,18702
evt_14199,evt_00324,0xBeta,Yank,18748
evt_14208,evt_05867,0xBeta,Yank,18760
evt_14211,evt_11744,0xDelta,Zync,18763
evt_14220,evt_08662,0xDelta,Depos-X,18775
evt_14221,evt_01296,0xDelta,Withdr-O,18776
evt_14224,evt_3335718,0xGamma,Zync,18780
evt_14227,evt_00574,0xGamma,Depos-X,18783
evt_14242,evt_09156,0xOmega,Depos-X,18802
evt_14251,evt_02985,0xDelta,Withdr-O,18813
evt_14255,evt_09511,0xDelta,Flux,18818
evt_14257,evt_1381972,0xGamma,Depos-X,18821
evt_14261,evt_12818,0xBeta,Depos-X,18826
evt_14286,evt_12014,0xGamma,Zync,18857
evt_14287,evt_00959,0xOmega,Depos-X,18858
evt_14338,evt_08187,0xDelta,Yank,18922
evt_14340,evt_08062,0xAlpha,Withdr-O,18925
evt_14349,evt_12681,0xAlpha,Flux,18936
evt_14352,evt_00987,0xOmega,Yank,18940
evt_14358,evt_11809,0xBeta,Flux,18947
evt_14369,evt_12900,0xBeta,Glint,18961
evt_14377,evt_11291,0xDelta,Yank,18971
evt_14384,evt_06373,0xDelta,Yank,18980
evt_14386,evt_05661,0xAlpha,Withdr-O,18982
evt_14387,evt_12650,0xGamma,Minty,18983
evt_14394,evt_00873,0xGamma,Minty,18992
evt_14401,evt_07489,0xDelta,Withdr-O,19001
evt_14403,evt_03663,0xGamma,Flux,19003
evt_14438,evt_08853,0xDelta,Withdr-O,19047
evt_14445,evt_08551,0xOmega,Flux,19056
evt_14451,evt_04323,0xGamma,Withdr-O,19063
evt_14456,evt_00509,0xAlpha,Flux,19070
evt_14461,evt_00836,0xDelta,Zync,19076
evt_14466,evt_13144,0xDelta,Depos-X,19082
evt_14490,evt_00969,0xOmega,Flux,19112
evt_14492,evt_11921,0xAlpha,Minty,19115
evt_14497,evt_06027,0xAlpha,Glint,19121
evt_14503,evt_13886,0xOmega,Minty,19128
evt_14505,evt_08462,0xAlpha,Glint,19131
evt_14510,evt_14196,0xBeta,Yank,19137
evt_14520,evt_04303,0xAlpha,Zync,19150
evt_14537,evt_12824,0xOmega,Minty,19171
evt_14542,evt_2762852,0xDelta,Glint,19177
evt_14556,evt_11316,0xDelta,Yank,19195
evt_14597,evt_13271,0xAlpha,Withdr-O,19246
evt_14604,evt_3856190,0xBeta,Withdr-O,19255
evt_14610,evt_07289,0xOmega,Depos-X,19262
evt_14613,evt_13078,0xGamma,Zync,19266
evt_14634,evt_10115,0xAlpha,Zync,19292
evt_14639,evt_08867,0xOmega,Depos-X,19298
evt_14645,evt_05588,0xDelta,Flux,19306
evt_14653,evt_10906,0xDelta,Zync,19316
evt_14657,evt_06498,0xBeta,Flux,19321
evt_14660,evt_04096,0xAlpha,Zync,19325
evt_14665,evt_05306,0xBeta,Minty,19331
evt_14671,evt_09695,0xAlpha,Yank,19338
evt_14693,evt_01723,0xGamma,Flux,19366
evt_14696,evt_01412,0xBeta,Glint,19370
evt_14699,evt_6989190,0xGamma,Flux,19373
evt_14715,evt_08857,0xAlpha,Zync,19393
evt_14770,evt_02786,0xDelta,Minty,19462
evt_14792,evt_5650782,0xBeta,Yank,19490
evt_14802,evt_13475,0xBeta,Minty,19502
evt_14809,evt_06079,0xBeta,Zync,19511
evt_14820,evt_05746,0xAlpha,Zync,19525
evt_14827,evt_14270,0xOmega,Yank,19533
evt_14838,evt_8847484,0xDelta,Depos-X,19547
evt_14865,evt_10572,0xGamma,Yank,19581
evt_14876,evt_12692,0xAlpha,Glint,19595
evt_14892,evt_00526,0xAlpha,Flux,19615
evt_14907,evt_12729,0xAlpha,Flux,19633
evt_14928,evt_07796,0xGamma,Flux,19660
evt_14932,evt_08943,0xBeta,Withdr-O,19665
evt_14945,evt_00296,0xAlpha,Flux,19681
evt_14952,evt_01298,0xDelta,Depos-X,19690
evt_14953,evt_01089,0xGamma,Flux,19691
evt_14972,evt_01388,0xDelta,Glint,19715
evt_14979,evt_00239,0xAlpha,Glint,19723
evt_14995,evt_12381,0xAlpha,Yank,19743
evt_15002,evt_14228,0xAlpha,Yank,19752
evt_15019,evt_02749,0xBeta,Yank,19773
evt_15020,evt_06289,0xBeta,Withdr-O,19775
evt_15024,evt_7916601,0xDelta,Flux,19780
evt_15031,evt_07541,0xGamma,Minty,19788
evt_15034,evt_02722,0xDelta,Flux,19792
evt_15037,evt_11512,0xOmega,Minty,19796
evt_15046,evt_05093,0xOmega,Zync,19807
evt_15047,evt_14328,0xDelta,Glint,19808
evt_15060,evt_5622919,0xAlpha,Flux,19825
evt_15061,evt_05492,0xGamma,Minty,19826
evt_15071,evt_14711,0xAlpha,Flux,19838
evt_15093,evt_04069,0xDelta,Yank,19866
evt_15097,evt_11022,0xOmega,Withdr-O,19871
evt_15104,evt_02487,0xDelta,Zync,19880
evt_15112,evt_08658,0xBeta,Yank,19890
evt_15138,evt_13299,0xGamma,Depos-X,19922
evt_15140,evt_13649,0xDelta,Zync,19925
evt_15151,evt_13578,0xAlpha,Minty,19938
evt_15179,evt_12580,0xDelta,Glint,19973
evt_15189,evt_03998,0xAlpha,Withdr-O,19986
evt_15190,evt_00154,0xDelta,Zync,19987
evt_15208,evt_01941,0xOmega,Glint,20010
evt_15213,evt_03738,0xOmega,Yank,20016
evt_15219,evt_02319,0xAlpha,Zync,20023
evt_15220,evt_10454,0xAlpha,Zync,20025
evt_15243,evt_1209703,0xAlpha,Glint,20053
evt_15247,evt_08983,0xGamma,Zync,20058
evt_15259,evt_03998,0xBeta,Zync,20073
evt_15264,evt_14652,0xDelta,Depos-X,20080
evt_15265,evt_07768,0xDelta,Zync,20081
evt_15267,evt_11717,0xAlpha,Flux,20083
evt_15276,evt_11815,0xAlpha,Glint,20095
evt_15277,evt_14108,0xAlpha,Flux,20096
evt_15293,evt_11728,0xDelta,Withdr-O,20116
evt_15301,evt_06273,0xBeta,Minty,20126
evt_15303,evt_01826,0xBeta,Depos-X,20128
evt_15319,evt_12238,0xOmega,Flux,20148
evt_15330,evt_04073,0xAlpha,Glint,20162
evt_15338,evt_05689,0xGamma,Glint,20172
evt_15350,evt_12937,0xDelta,Minty,20187
evt_15356,evt_10143,0xDelta,Minty,20195
evt_15367,evt_10768,0xAlpha,Withdr-O,20208
evt_15387,evt_10020,0xGamma,Yank,20233
evt_15389,evt_09246,0xOmega,Glint,20236
evt_15390,evt_14650,0xOmega,Zync,20237
evt_15393,evt_1766716,0xOmega,Flux,20241
evt_15396,evt_07859,0xDelta,Flux,20245
evt_15403,evt_14641,0xDelta,Flux,20253
evt_15408,evt_03311,0xAlpha,Yank,20260
evt_15413,evt_07751,0xOmega,Glint,20266
evt_15433,evt_03901,0xBeta,Yank,20291
evt_15444,evt_02905,0xDelta,Depos-X,20305
evt_15448,evt_02239,0xDelta,Depos-X,20310
evt_15452,evt_03584,0xOmega,Zync,20315
evt_15488,evt_05851,0xDelta,Yank,20360
evt_15490,evt_03321,0xDelta,Yank,20362
evt_15496,evt_07312,0xOmega,Yank,20370
evt_15499,evt_03831,0xOmega,Depos-X,20373
evt_15539,evt_13027,0xDelta,Glint,20423
evt_15549,evt_10489,0xGamma,Depos-X,20436
evt_15563,evt_03182,0xAlpha,Zync,20453
evt_15619,evt_00328,0xOmega,Depos-X,20523
evt_15658,evt_14137,0xBeta,Withdr-O,20572
evt_15659,evt_05720,0xDelta,Depos-X,20573
evt_15660,evt_05330,0xBeta,Depos-X,20575
evt_15663,evt_12315,0xOmega,Flux,20578
evt_15669,evt_04426,0xBeta,Depos-X,20586
evt_15678,evt_04340,0xAlpha,Minty,20597
evt_15696,evt_15407,0xDelta,Minty,20620
evt_15706,evt_07259,0xBeta,Depos-X,20632
evt_15721,evt_08280,0xOmega,Depos-X,20651
evt_15762,evt_07610,0xAlpha,Glint,20702
evt_15779,evt_03797,0xGamma,Minty,20723
evt_15788,evt_06151,0xDelta,Depos-X,20735
evt_15792,evt_00989,0xAlpha,Withdr-O,20740
evt_15805,evt_10227,0xOmega,Glint,20756
evt_15822,evt_09055,0xGamma,Withdr-O,20777
evt_15826,evt_15685,0xBeta,Depos-X,20782
evt_15841,evt_03717,0xDelta,Flux,20801
evt_15867,evt_14016,0xGamma,Minty,20833
evt_15869,evt_14581,0xDelta,Flux,20836
evt_15882,evt_09210,0xBeta,Yank,20852
evt_15884,evt_01558,0xAlpha,Zync,20855
evt_15889,evt_06811,0xGamma,Zync,20861
evt_15903,evt_01659,0xDelta,Yank,20878
evt_15908,evt_13813,0xAlpha,Flux,20885
evt_15916,evt_00248,0xGamma,Zync,20895
evt_15919,evt_01831,0xGamma,Glint,20898
evt_15920,evt_04583,0xAlpha,Yank,20900
evt_15929,evt_06219,0xOmega,Glint,20911
evt_15951,evt_09217,0xAlpha,Withdr-O,20938
evt_15952,evt_12955,0xOmega,Depos-X,20940
evt_15959,evt_15733,0xOmega,Depos-X,20948
evt_15960,evt_07184,0xGamma,Glint,20950
evt_15967,evt_08597,0xBeta,Depos-X,20958
evt_15974,evt_04165,0xOmega,Minty,20967
evt_15975,evt_10095,0xGamma,Zync,20968
evt_15993,evt_00277,0xOmega,Yank,20991
evt_16006,evt_03401,0xOmega,Flux,21007
evt_16021,evt_04396,0xDelta,Withdr-O,21026
evt_16037,evt_06021,0xAlpha,Yank,21046
evt_16053,evt_10813,0xBeta,Zync,21066
evt_16058,evt_14229,0xAlpha,Zync,21072
evt_16067,evt_03628,0xAlpha,Depos-X,21083
evt_16079,evt_04768,0xOmega,Zync,21098
evt_16088,evt_16045,0xBeta,Minty,21110
evt_16123,evt_10427,0xDelta,Minty,21153
evt_16174,evt_12937,0xAlpha,Minty,21217
evt_16190,evt_07816,0xDelta,Zync,21237
evt_16195,evt_01211,0xBeta,Minty,21243
evt_16196,evt_08828,0xAlpha,Withdr-O,21245
evt_16212,evt_13062,0xOmega,Flux,21265
evt_16220,evt_08606,0xBeta,Withdr-O,21275
evt_16237,evt_13957,0xBeta,Depos-X,21296
evt_16248,evt_14079,0xAlpha,Withdr-O,21310
evt_16268,evt_15464,0xOmega,Yank,21335
evt_16276,evt_02447,0xBeta,Yank,21345
evt_16277,evt_15748,0xGamma,Yank,21346
evt_16294,evt_04556,0xBeta,Glint,21367
evt_16303,evt_07247,0xDelta,Withdr-O,21378
evt_16305,evt_08249,0xDelta,Glint,21381
evt_16309,evt_16289,0xBeta,Glint,21386
evt_16314,evt_07028,0xDelta,Flux,21392
evt_16322,evt_5087980,0xBeta,Depos-X,21402
evt_16331,evt_01600,0xAlpha,Flux,21413
evt_16337,evt_01723,0xGamma,Depos-X,21421
evt_16365,evt_6704179,0xDelta,Zync,21456
evt_16369,evt_3582848,0xAlpha,Minty,21461
evt_16375,evt_08551,0xDelta,Withdr-O,21468
evt_16379,evt_04976,0xGamma,Glint,21473
evt_16380,evt_10679,0xAlpha,Withdr-O,21475
evt_16385,evt_04041,0xOmega,Zync,21481
evt_16390,evt_06859,0xBeta,Yank,21487
evt_16414,evt_08551,0xBeta,Yank,21517
evt_16417,evt_12990,0xDelta,Depos-X,21521
evt_16423,evt_03794,0xOmega,Depos-X,21528
evt_16450,evt_04667,0xAlpha,Depos-X,21562
evt_16451,evt_15451,0xGamma,Yank,21563
evt_16492,evt_10792,0xAlpha,Zync,21615
evt_16504,evt_12900,0xBeta,Withdr-O,21630
evt_16517,evt_11069,0xBeta,Withdr-O,21646
evt_16521,evt_11742,0xBeta,Flux,21651
evt_16602,evt_12158,0xOmega,Minty,21752
evt_16618,evt_11545,0xAlpha,Minty,21772
evt_16627,evt_05338,0xBeta,Zync,21783
evt_16638,evt_15391,0xAlpha,Yank,21797
evt_16651,evt_00746,0xBeta,Depos-X,21813
evt_16670,evt_08014,0xBeta,Depos-X,21837
evt_16682,evt_04860,0xAlpha,Minty,21852
evt_16697,evt_9411090,0xBeta,Yank,21871
evt_16705,evt_07134,0xAlpha,Minty,21881
evt_16729,evt_08753,0xAlpha,Yank,21911
evt_16730,evt_01231,0xGamma,Depos-X,21912
evt_16732,evt_15849,0xAlpha,Zync,21915
evt_16751,evt_02901,0xOmega,Depos-X,21938
evt_16754,evt_08273,0xOmega,Zync,21942
evt_16758,evt_03809,0xOmega,Flux,21947
evt_16762,evt_02534,0xBeta,Glint,21952
evt_16766,evt_05329,0xAlpha,Minty,21957
evt_16773,evt_02885,0xAlpha,Yank,21966
evt_16783,evt_00083,0xAlpha,Minty,21978
evt_16797,evt_01169,0xDelta,Minty,21996
evt_16805,evt_15899,0xDelta,Flux,22006
evt_16821,evt_04041,0xAlpha,Zync,22026
evt_16825,evt_12679,0xAlpha,Withdr-O,22031
evt_16832,evt_10071,0xOmega,Withdr-O,22040
evt_16835,evt_03728,0xOmega,Flux,22043
evt_16852,evt_03975,0xDelta,Depos-X,22065
evt_16863,evt_08582,0xOmega,Zync,22078
evt_16871,evt_15115,0xAlpha,Glint,22088
evt_16877,evt_00712,0xDelta,Glint,22096
evt_16880,evt_03780,0xGamma,Minty,22100
evt_16883,evt_14272,0xAlpha,Glint,22103
evt_16908,evt_15315,0xAlpha,Zync,22135
evt_16909,evt_05047,0xAlpha,Withdr-O,22136
evt_16911,evt_09477,0xGamma,Flux,22138
evt_16920,evt_09645,0xOmega,Glint,22150
evt_16933,evt_09031,0xDelta,Flux,22166
evt_16935,evt_09753,0xDelta,Flux,22168
evt_16946,evt_15129,0xOmega,Yank,22182
evt_16965,evt_00070,0xBeta,Depos-X,22206
evt_16967,evt_00890,0xDelta,Yank,22208
evt_16976,evt_16713,0xAlpha,Yank,22220
evt_17026,evt_00396,0xBeta,Minty,22282
evt_17073,evt_09101,0xGamma,Zync,22341
evt_17074,evt_4919903,0xGamma,Glint,22342
evt_17079,evt_14744,0xOmega,Yank,22348
evt_17083,evt_00933,0xDelta,Minty,22353
evt_17101,evt_06519,0xAlpha,Depos-X,22376
evt_17131,evt_06738,0xAlpha,Withdr-O,22413
evt_17134,evt_05104,0xBeta,Minty,22417
evt_17139,evt_11179,0xOmega,Zync,22423
evt_17140,evt_03743,0xBeta,Withdr-O,22425
evt_17165,evt_16260,0xOmega,Flux,22456
evt_17203,evt_02517,0xAlpha,Yank,22503
evt_17204,evt_05140,0xGamma,Flux,22505
evt_17209,evt_10617,0xGamma,Zync,22511
evt_17211,evt_06724,0xGamma,Withdr-O,22513
evt_17249,evt_09760,0xAlpha,Withdr-O,22561
evt_17285,evt_11085,0xAlpha,Minty,22606
evt_17288,evt_12637,0xGamma,Glint,22610
evt_17293,evt_15523,0xGamma,Zync,22616
evt_17311,evt_10138,0xDelta,Zync,22638
evt_17317,evt_02059,0xDelta,Zync,22646
evt_17325,evt_15165,0xOmega,Glint,22656
evt_17334,evt_13575,0xBeta,Yank,22667
evt_17340,evt_05157,0xGamma,Yank,22675
evt_17341,evt_14836,0xOmega,Glint,22676
evt_17343,evt_04842,0xOmega,Minty,22678
evt_17346,evt_05412,0xDelta,Minty,22682
evt_17349,evt_03967,0xBeta,Glint,22686
evt_17376,evt_13525,0xGamma,Glint,22720
evt_17379,evt_08275,0xAlpha,Flux,22723
evt_17384,evt_11889,0xDelta,Depos-X,22730
evt_17399,evt_13787,0xBeta,Zync,22748
evt_17402,evt_05456,0xDelta,Withdr-O,22752
evt_17416,evt_13064,0xAlpha,Glint,22770
evt_17433,evt_14551,0xOmega,Depos-X,22791
evt_17457,evt_06949,0xOmega,Zync,22821
evt_17472,evt_1789263,0xGamma,Flux,22840
evt_17473,evt_16454,0xOmega,Flux,22841
evt_17511,evt_12052,0xGamma,Flux,22888
evt_17515,evt_09079,0xDelta,Glint,22893
evt_17518,evt_13386,0xOmega,Depos-X,22897
evt_17519,evt_13473,0xGamma,Glint,22898
evt_17532,evt_17287,0xBeta,Glint,22915
evt_17561,evt_05837,0xAlpha,Flux,22951
evt_17587,evt_05999,0xDelta,Depos-X,22983
evt_17598,evt_04528,0xAlpha,Glint,22997
evt_17604,evt_03816,0xGamma,Flux,23005
evt_17607,evt_01573,0xDelta,Withdr-O,23008
evt_17615,evt_02949,0xOmega,Withdr-O,23018
evt_17646,evt_06138,0xOmega,Flux,23057
evt_17683,evt_09645,0xAlpha,Glint,23103
evt_17693,evt_05343,0xGamma,Glint,23116
evt_17704,evt_07947,0xDelta,Depos-X,23130
evt_17715,evt_02782,0xAlpha,Minty,23143
evt_17739,evt_4249262,0xGamma,Zync,23173
evt_17751,evt_1029172,0xOmega,Withdr-O,23188
evt_17762,evt_05155,0xGamma,Depos-X,23202
evt_17771,evt_07066,0xDelta,Minty,23213
evt_17786,evt_05884,0xOmega,Depos-X,23232
evt_17795,evt_13134,0xDelta,Yank,23243
evt_17808,evt_02099,0xBeta,Yank,23260
evt_17816,evt_06362,0xDelta,Yank,23270
evt_17826,evt_11850,0xGamma,Minty,23282
evt_17842,evt_05008,0xGamma,Zync,23302
evt_17847,evt_06636,0xGamma,Depos-X,23308
evt_17851,evt_14168,0xOmega,Glint,23313
evt_17889,evt_08694,0xOmega,Yank,23361
evt_17899,evt_06485,0xAlpha,Flux,23373
evt_17911,evt_17787,0xDelta,Yank,23388
evt_17914,evt_02429,0xAlpha,Minty,23392
evt_17924,evt_14695,0xDelta,Glint,23405
evt_17938,evt_05207,0xBeta,Minty,23422
evt_17953,evt_05486,0xBeta,Flux,23441
evt_17992,evt_00865,0xAlpha,Minty,23490
evt_17996,evt_11906,0xAlpha,Minty,23495
evt_18025,evt_15906,0xGamma,Zync,23531
evt_18036,evt_07737,0xDelta,Minty,23545
evt_18059,evt_10324,0xAlpha,Depos-X,23573
evt_18064,evt_07726,0xGamma,Minty,23580
evt_18065,evt_10711,0xDelta,Yank,23581
evt_18080,evt_04213,0xAlpha,Yank,23600
evt_18081,evt_06469,0xGamma,Zync,23601
evt_18089,evt_04140,0xOmega,Glint,23611
evt_18100,evt_14203,0xOmega,Flux,23625
evt_18122,evt_6017730,0xGamma,Zync,23652
evt_18128,evt_14400,0xOmega,Flux,23660
evt_18146,evt_10861,0xAlpha,Depos-X,23682
evt_18151,evt_13223,0xOmega,Glint,23688
evt_18152,evt_07245,0xDelta,Zync,23690
evt_18170,evt_05793,0xDelta,Flux,23712
evt_18181,evt_08944,0xOmega,Depos-X,23726
evt_18207,evt_1563461,0xDelta,Flux,23758
evt_18213,evt_6364176,0xBeta,Zync,23766
evt_18260,evt_1563419,0xGamma,Zync,23825
evt_18274,evt_16615,0xOmega,Depos-X,23842
evt_18289,evt_13988,0xAlpha,Flux,23861
evt_18290,evt_04654,0xDelta,Zync,23862
evt_18317,evt_12068,0xOmega,Zync,23896
evt_18333,evt_16616,0xAlpha,Minty,23916
evt_18334,evt_04957,0xDelta,Glint,23917
evt_18340,evt_01281,0xBeta,Withdr-O,23925
evt_18366,evt_01365,0xBeta,Glint,23957
evt_18385,evt_06878,0xDelta,Depos-X,23981
evt_18388,evt_05414,0xAlpha,Withdr-O,23985
evt_18391,evt_09150,0xOmega,Withdr-O,23988
evt_18398,evt_10926,0xDelta,Minty,23997
evt_18412,evt_15188,0xDelta,Minty,24015
evt_18426,evt_2843017,0xGamma,Minty,24032
evt_18435,evt_05381,0xOmega,Zync,24043
evt_18438,evt_04310,0xOmega,Glint,24047
evt_18456,evt_07448,0xGamma,Yank,24070
evt_18464,evt_02985,0xOmega,Glint,24080
evt_18465,evt_11071,0xBeta,Minty,24081
evt_18470,evt_12898,0xBeta,Yank,24087
evt_18477,evt_15580,0xOmega,Glint,24096
evt_18479,evt_14689,0xGamma,Flux,24098
evt_18486,evt_17236,0xGamma,Flux,24107
evt_18501,evt_3524351,0xDelta,Depos-X,24126
evt_18503,evt_09476,0xDelta,Yank,24128
evt_18508,evt_00200,0xAlpha,Yank,24135
evt_18511,evt_04645,0xDelta,Yank,24138
evt_18512,evt_04359,0xOmega,Glint,24140
evt_18513,evt_13255,0xBeta,Yank,24141
evt_18535,evt_9144626,0xGamma,Flux,24168
evt_18545,evt_7741420,0xBeta,Zync,24181
evt_18554,evt_16215,0xDelta,Flux,24192
evt_18566,evt_17044,0xAlpha,Flux,24207
evt_18582,evt_08435,0xBeta,Flux,24227
evt_18595,evt_00176,0xBeta,Zync,24243
evt_18604,evt_18597,0xOmega,Withdr-O,24255
evt_18609,evt_2155443,0xGamma,Glint,24261
evt_18611,evt_08008,0xAlpha,Glint,24263
evt_18620,evt_13843,0xOmega,Flux,24275
evt_18659,evt_08800,0xBeta,Glint,24323
evt_18673,evt_11603,0xGamma,Depos-X,24341
evt_18676,evt_09969,0xDelta,Flux,24345
evt_18680,evt_3840047,0xDelta,Flux,24350
evt_18683,evt_04534,0xAlpha,Depos-X,24353
evt_18722,evt_08326,0xGamma,Zync,24402
evt_18735,evt_10739,0xDelta,Flux,24418
evt_18744,evt_10303,0xDelta,Depos-X,24430
evt_18769,evt_05243,0xOmega,Yank,24461
evt_18781,evt_7436193,0xAlpha,Yank,24476
evt_18801,evt_10867,0xDelta,Withdr-O,24501
evt_18802,evt_10463,0xDelta,Minty,24502
evt_18819,evt_13733,0xOmega,Flux,24523
evt_18821,evt_08948,0xBeta,Flux,24526
evt_18832,evt_03885,0xOmega,Glint,24540
evt_18847,evt_03728,0xAlpha,Depos-X,24558
evt_18856,evt_15603,0xBeta,Glint,24570
evt_18873,evt_13798,0xGamma,Zync,24591
evt_18878,evt_08194,0xOmega,Flux,24597
evt_18887,evt_17654,0xAlpha,Depos-X,24608
evt_18899,evt_03644,0xGamma,Minty,24623
evt_18909,evt_02259,0xOmega,Minty,24636
evt_18938,evt_02777,0xDelta,Withdr-O,24672
evt_18943,evt_15722,0xOmega,Zync,24678
evt_18944,evt_00291,0xBeta,Depos-X,24680
evt_18956,evt_03153,0xGamma,Zync,24695
evt_18975,evt_01089,0xAlpha,Minty,24718
evt_18982,evt_15835,0xBeta,Withdr-O,24727
evt_18983,evt_11154,0xOmega,Withdr-O,24728
evt_18994,evt_10228,0xBeta,Depos-X,24742
evt_19001,evt_16391,0xAlpha,Flux,24751
evt_19011,evt_05204,0xOmega,Zync,24763
evt_19015,evt_04100,0xBeta,Minty,24768
evt_19016,evt_07907,0xDelta,Flux,24770
evt_19017,evt_05650,0xBeta,Flux,24771
evt_19031,evt_17944,0xOmega,Yank,24788
evt_19033,evt_15439,0xBeta,Depos-X,24791
evt_19040,evt_05877,0xBeta,Withdr-O,24800
evt_19056,evt_17603,0xDelta,Zync,24820
evt_19068,evt_10884,0xOmega,Withdr-O,24835
evt_19089,evt_12260,0xDelta,Minty,24861
evt_19106,evt_02856,0xAlpha,Glint,24882
evt_19111,evt_17058,0xOmega,Minty,24888
evt_19133,evt_08067,0xGamma,Depos-X,24916
evt_19135,evt_04014,0xAlpha,Zync,24918
evt_19138,evt_07238,0xBeta,Depos-X,24922
evt_19165,evt_18485,0xOmega,Withdr-O,24956
evt_19170,evt_08102,0xAlpha,Flux,24962
evt_19177,evt_12305,0xBeta,Flux,24971
evt_19184,evt_01373,0xGamma,Minty,24980
evt_19204,evt_02909,0xAlpha,Yank,25005
evt_19208,evt_08619,0xAlpha,Withdr-O,25010
evt_19210,evt_12718,0xOmega,Depos-X,25012
evt_19211,evt_15999,0xAlpha,Yank,25013
evt_19216,evt_16366,0xAlpha,Depos-X,25020
evt_19223,evt_11396,0xAlpha,Glint,25028
evt_19224,evt_00914,0xOmega,Minty,25030
evt_19227,evt_09596,0xBeta,Zync,25033
evt_19253,evt_02677,0xDelta,Yank,25066
evt_19254,evt_5137793,0xGamma,Flux,25067
evt_19256,evt_4192718,0xDelta,Minty,25070
evt_19271,evt_13287,0xDelta,Yank,25088
evt_19278,evt_00394,0xAlpha,Withdr-O,25097
evt_19299,evt_12643,0xOmega,Glint,25123
evt_19312,evt_19231,0xAlpha,Minty,25140
evt_19340,evt_09888,0xAlpha,Depos-X,25175
evt_19344,evt_07106,0xGamma,Glint,25180
evt_19346,evt_11046,0xAlpha,Flux,25182
evt_19355,evt_16960,0xAlpha,Withdr-O,25193
evt_19371,evt_05388,0xOmega,Glint,25213
evt_19407,evt_12923,0xBeta,Glint,25258
evt_19414,evt_17970,0xGamma,Zync,25267
evt_19417,evt_00062,0xOmega,Zync,25271
evt_19440,evt_05094,0xAlpha,Zync,25300
evt_19443,evt_00193,0xBeta,Depos-X,25303
evt_19448,evt_02500,0xOmega,Zync,25310
evt_19454,evt_00544,0xOmega,Withdr-O,25317
evt_19475,evt_12660,0xBeta,Flux,25343
evt_19481,evt_06776,0xBeta,Flux,25351
evt_19482,evt_01408,0xAlpha,Zync,25352
evt_19490,evt_15072,0xAlpha,Depos-X,25362
evt_19497,evt_1493999,0xBeta,Depos-X,25371
evt_19505,evt_17931,0xGamma,Flux,25381
evt_19520,evt_15915,0xOmega,Depos-X,25400
evt_19521,evt_11648,0xGamma,Depos-X,25401
evt_19528,evt_3710990,0xGamma,Zync,25410
evt_19529,evt_00746,0xAlpha,Zync,25411
evt_19549,evt_02185,0xOmega,Zync,25436
evt_19570,evt_07514,0xOmega,Depos-X,25462
evt_19586,evt_04044,0xGamma,Zync,25482
evt_19595,evt_16977,0xBeta,Depos-X,25493
evt_19599,evt_07496,0xOmega,Minty,25498
evt_19607,evt_16378,0xDelta,Yank,25508
evt_19620,evt_07663,0xOmega,Depos-X,25525
evt_19626,evt_00584,0xDelta,Flux,25532
evt_19649,evt_01903,0xGamma,Yank,25561
evt_19659,evt_18567,0xAlpha,Depos-X,25573
evt_19687,evt_12254,0xOmega,Depos-X,25608
evt_19689,evt_14307,0xAlpha,Yank,25611
evt_19698,evt_07431,0xGamma,Glint,25622
evt_19701,evt_04365,0xDelta,Flux,25626
evt_19706,evt_03373,0xDelta,Withdr-O,25632
evt_19722,evt_07744,0xOmega,Withdr-O,25652
evt_19724,evt_16818,0xDelta,Depos-X,25655
evt_19778,evt_19420,0xDelta,Depos-X,25722
evt_19780,evt_18404,0xOmega,Flux,25725
evt_19795,evt_13286,0xBeta,Withdr-O,25743
evt_19799,evt_04092,0xAlpha,Flux,25748
evt_19816,evt_07447,0xAlpha,Glint,25770
evt_19818,evt_15173,0xDelta,Withdr-O,25772
evt_19826,evt_02448,0xGamma,Glint,25782
evt_19838,evt_15382,0xGamma,Depos-X,25797
evt_19839,evt_06524,0xAlpha,Yank,25798
evt_19844,evt_10240,0xBeta,Glint,25805
evt_19859,evt_15642,0xOmega,Yank,25823
evt_19867,evt_04910,0xBeta,Depos-X,25833
evt_19882,evt_00239,0xOmega,Zync,25852
evt_19892,evt_03726,0xDelta,Glint,25865
evt_19904,evt_14289,0xDelta,Depos-X,25880
evt_19908,evt_1319792,0xGamma,Depos-X,25885
evt_19909,evt_00429,0xDelta,Flux,25886
evt_19912,evt_04859,0xBeta,Glint,25890
evt_19921,evt_12488,0xGamma,Yank,25901
evt_19971,evt_07416,0xDelta,Glint,25963
evt_19982,evt_8172220,0xOmega,Withdr-O,25977
evt_19997,evt_02897,0xBeta,Minty,25996
evt_19999,evt_00747,0xOmega,Glint,25998
